Lancement du pipeline scrapers...

=== Lancement de la commande : /usr/local/bin/python -m scrapers.run_agno ===
[1215/9804] https://base-donnees-publique.medicaments.gouv.fr/affichageDoc.php?specid=63058248&typedoc=R
[1216/9804] https://base-donnees-publique.medicaments.gouv.fr/affichageDoc.php?specid=64843668&typedoc=R
[1217/9804] https://base-donnees-publique.medicaments.gouv.fr/affichageDoc.php?specid=61568462&typedoc=R
[1218/9804] https://base-donnees-publique.medicaments.gouv.fr/affichageDoc.php?specid=65919752&typedoc=R
9804 URL(s) à traiter (sheet='liens_R', colonne='liens')
[1/9804] https://base-donnees-publique.medicaments.gouv.fr/affichageDoc.php?specid=61266250&typedoc=R
[2/9804] https://base-donnees-publique.medicaments.gouv.fr/affichageDoc.php?specid=62869109&typedoc=R
[1219/9804] https://base-donnees-publique.medicaments.gouv.fr/affichageDoc.php?specid=68225352&typedoc=R
[3/9804] https://base-donnees-publique.medicaments.gouv.fr/affichageDoc.php?specid=61876780&typedoc=R
[1220/9804] https://base-donnees-publique.medicaments.gouv.fr/affichageDoc.php?specid=65512240&typedoc=R
[4/9804] https://base-donnees-publique.medicaments.gouv.fr/affichageDoc.php?specid=63797011&typedoc=R
[1221/9804] https://base-donnees-publique.medicaments.gouv.fr/affichageDoc.php?specid=69158682&typedoc=R
[1222/9804] https://base-donnees-publique.medicaments.gouv.fr/affichageDoc.php?specid=61158552&typedoc=R
[1223/9804] https://base-donnees-publique.medicaments.gouv.fr/affichageDoc.php?specid=61918795&typedoc=R
[5/9804] https://base-donnees-publique.medicaments.gouv.fr/affichageDoc.php?specid=62401060&typedoc=R
[1224/9804] https://base-donnees-publique.medicaments.gouv.fr/affichageDoc.php?specid=68561919&typedoc=R
[6/9804] https://base-donnees-publique.medicaments.gouv.fr/affichageDoc.php?specid=68257528&typedoc=R
[1225/9804] https://base-donnees-publique.medicaments.gouv.fr/affichageDoc.php?specid=64059876&typedoc=R
[7/9804] https://base-donnees-publique.medicaments.gouv.fr/affichageDoc.php?specid=62828870&typedoc=R
[1226/9804] https://base-donnees-publique.medicaments.gouv.fr/affichageDoc.php?specid=63023425&typedoc=R
[8/9804] https://base-donnees-publique.medicaments.gouv.fr/affichageDoc.php?specid=63431640&typedoc=R
[9/9804] https://base-donnees-publique.medicaments.gouv.fr/affichageDoc.php?specid=65196479&typedoc=R
[1227/9804] https://base-donnees-publique.medicaments.gouv.fr/affichageDoc.php?specid=60443897&typedoc=R
[1228/9804] https://base-donnees-publique.medicaments.gouv.fr/affichageDoc.php?specid=61629890&typedoc=R
[10/9804] https://base-donnees-publique.medicaments.gouv.fr/affichageDoc.php?specid=62170486&typedoc=R
[11/9804] https://base-donnees-publique.medicaments.gouv.fr/affichageDoc.php?specid=67720261&typedoc=R
[1229/9804] https://base-donnees-publique.medicaments.gouv.fr/affichageDoc.php?specid=61528642&typedoc=R
[12/9804] https://base-donnees-publique.medicaments.gouv.fr/affichageDoc.php?specid=65857902&typedoc=R
[1230/9804] https://base-donnees-publique.medicaments.gouv.fr/affichageDoc.php?specid=60202750&typedoc=R
[13/9804] https://base-donnees-publique.medicaments.gouv.fr/affichageDoc.php?specid=67567004&typedoc=R
[1231/9804] https://base-donnees-publique.medicaments.gouv.fr/affichageDoc.php?specid=69763208&typedoc=R
[14/9804] https://base-donnees-publique.medicaments.gouv.fr/affichageDoc.php?specid=62202005&typedoc=R
[1232/9804] https://base-donnees-publique.medicaments.gouv.fr/affichageDoc.php?specid=64614242&typedoc=R
[1233/9804] https://base-donnees-publique.medicaments.gouv.fr/affichageDoc.php?specid=60996403&typedoc=R
[1234/9804] https://base-donnees-publique.medicaments.gouv.fr/affichageDoc.php?specid=60607955&typedoc=R
[15/9804] https://base-donnees-publique.medicaments.gouv.fr/affichageDoc.php?specid=63152345&typedoc=R
[1235/9804] https://base-donnees-publique.medicaments.gouv.fr/affichageDoc.php?specid=67042647&typedoc=R
[16/9804] https://base-donnees-publique.medicaments.gouv.fr/affichageDoc.php?specid=61954108&typedoc=R
[1236/9804] https://base-donnees-publique.medicaments.gouv.fr/affichageDoc.php?specid=69276143&typedoc=R
[17/9804] https://base-donnees-publique.medicaments.gouv.fr/affichageDoc.php?specid=65731907&typedoc=R
[1237/9804] https://base-donnees-publique.medicaments.gouv.fr/affichageDoc.php?specid=66454128&typedoc=R
[18/9804] https://base-donnees-publique.medicaments.gouv.fr/affichageDoc.php?specid=65412934&typedoc=R
[1238/9804] https://base-donnees-publique.medicaments.gouv.fr/affichageDoc.php?specid=68472160&typedoc=R
[1239/9804] https://base-donnees-publique.medicaments.gouv.fr/affichageDoc.php?specid=64853413&typedoc=R
[19/9804] https://base-donnees-publique.medicaments.gouv.fr/affichageDoc.php?specid=61760740&typedoc=R
[1240/9804] https://base-donnees-publique.medicaments.gouv.fr/affichageDoc.php?specid=63251140&typedoc=R
[20/9804] https://base-donnees-publique.medicaments.gouv.fr/affichageDoc.php?specid=66460184&typedoc=R
[1241/9804] https://base-donnees-publique.medicaments.gouv.fr/affichageDoc.php?specid=64195221&typedoc=R
[21/9804] https://base-donnees-publique.medicaments.gouv.fr/affichageDoc.php?specid=67365440&typedoc=R
[1242/9804] https://base-donnees-publique.medicaments.gouv.fr/affichageDoc.php?specid=62218397&typedoc=R
[22/9804] https://base-donnees-publique.medicaments.gouv.fr/affichageDoc.php?specid=63001674&typedoc=R
[1243/9804] https://base-donnees-publique.medicaments.gouv.fr/affichageDoc.php?specid=63949960&typedoc=R
[1244/9804] https://base-donnees-publique.medicaments.gouv.fr/affichageDoc.php?specid=67953949&typedoc=R
[23/9804] https://base-donnees-publique.medicaments.gouv.fr/affichageDoc.php?specid=65665802&typedoc=R
[1245/9804] https://base-donnees-publique.medicaments.gouv.fr/affichageDoc.php?specid=60286556&typedoc=R
[24/9804] https://base-donnees-publique.medicaments.gouv.fr/affichageDoc.php?specid=68336954&typedoc=R
[1246/9804] https://base-donnees-publique.medicaments.gouv.fr/affichageDoc.php?specid=68106394&typedoc=R
[25/9804] https://base-donnees-publique.medicaments.gouv.fr/affichageDoc.php?specid=67144513&typedoc=R
[1247/9804] https://base-donnees-publique.medicaments.gouv.fr/affichageDoc.php?specid=64602165&typedoc=R
[1248/9804] https://base-donnees-publique.medicaments.gouv.fr/affichageDoc.php?specid=64413588&typedoc=R
[26/9804] https://base-donnees-publique.medicaments.gouv.fr/affichageDoc.php?specid=61464150&typedoc=R
[1249/9804] https://base-donnees-publique.medicaments.gouv.fr/affichageDoc.php?specid=67181796&typedoc=R
[27/9804] https://base-donnees-publique.medicaments.gouv.fr/affichageDoc.php?specid=60282999&typedoc=R
[1250/9804] https://base-donnees-publique.medicaments.gouv.fr/affichageDoc.php?specid=61890004&typedoc=R
[28/9804] https://base-donnees-publique.medicaments.gouv.fr/affichageDoc.php?specid=63451714&typedoc=R
[1251/9804] https://base-donnees-publique.medicaments.gouv.fr/affichageDoc.php?specid=66001124&typedoc=R
[29/9804] https://base-donnees-publique.medicaments.gouv.fr/affichageDoc.php?specid=61578296&typedoc=R
[1252/9804] https://base-donnees-publique.medicaments.gouv.fr/affichageDoc.php?specid=60075064&typedoc=R
[1253/9804] https://base-donnees-publique.medicaments.gouv.fr/affichageDoc.php?specid=60364161&typedoc=R
[30/9804] https://base-donnees-publique.medicaments.gouv.fr/affichageDoc.php?specid=64728712&typedoc=R
[31/9804] https://base-donnees-publique.medicaments.gouv.fr/affichageDoc.php?specid=69724187&typedoc=R
[1254/9804] https://base-donnees-publique.medicaments.gouv.fr/affichageDoc.php?specid=61276216&typedoc=R
[32/9804] https://base-donnees-publique.medicaments.gouv.fr/affichageDoc.php?specid=60929194&typedoc=R
[1255/9804] https://base-donnees-publique.medicaments.gouv.fr/affichageDoc.php?specid=64483490&typedoc=R
[33/9804] https://base-donnees-publique.medicaments.gouv.fr/affichageDoc.php?specid=69664434&typedoc=R
[1256/9804] https://base-donnees-publique.medicaments.gouv.fr/affichageDoc.php?specid=62128430&typedoc=R
[34/9804] https://base-donnees-publique.medicaments.gouv.fr/affichageDoc.php?specid=68371745&typedoc=R
[1257/9804] https://base-donnees-publique.medicaments.gouv.fr/affichageDoc.php?specid=60572618&typedoc=R
[35/9804] https://base-donnees-publique.medicaments.gouv.fr/affichageDoc.php?specid=64127672&typedoc=R
[1258/9804] https://base-donnees-publique.medicaments.gouv.fr/affichageDoc.php?specid=65267855&typedoc=R
[36/9804] https://base-donnees-publique.medicaments.gouv.fr/affichageDoc.php?specid=69116854&typedoc=R
[37/9804] https://base-donnees-publique.medicaments.gouv.fr/affichageDoc.php?specid=61937888&typedoc=R
[1259/9804] https://base-donnees-publique.medicaments.gouv.fr/affichageDoc.php?specid=68521821&typedoc=R
[1260/9804] https://base-donnees-publique.medicaments.gouv.fr/affichageDoc.php?specid=68759274&typedoc=R
[38/9804] https://base-donnees-publique.medicaments.gouv.fr/affichageDoc.php?specid=67093136&typedoc=R
[1261/9804] https://base-donnees-publique.medicaments.gouv.fr/affichageDoc.php?specid=61837560&typedoc=R
[39/9804] https://base-donnees-publique.medicaments.gouv.fr/affichageDoc.php?specid=69771614&typedoc=R
[1262/9804] https://base-donnees-publique.medicaments.gouv.fr/affichageDoc.php?specid=67024791&typedoc=R
[40/9804] https://base-donnees-publique.medicaments.gouv.fr/affichageDoc.php?specid=60946941&typedoc=R
[1263/9804] https://base-donnees-publique.medicaments.gouv.fr/affichageDoc.php?specid=61897671&typedoc=R
[41/9804] https://base-donnees-publique.medicaments.gouv.fr/affichageDoc.php?specid=60989978&typedoc=R
[1264/9804] https://base-donnees-publique.medicaments.gouv.fr/affichageDoc.php?specid=69381692&typedoc=R
[42/9804] https://base-donnees-publique.medicaments.gouv.fr/affichageDoc.php?specid=67901945&typedoc=R
[1265/9804] https://base-donnees-publique.medicaments.gouv.fr/affichageDoc.php?specid=64236159&typedoc=R
[43/9804] https://base-donnees-publique.medicaments.gouv.fr/affichageDoc.php?specid=64493666&typedoc=R
[1266/9804] https://base-donnees-publique.medicaments.gouv.fr/affichageDoc.php?specid=61360073&typedoc=R
[44/9804] https://base-donnees-publique.medicaments.gouv.fr/affichageDoc.php?specid=67813445&typedoc=R
[1267/9804] https://base-donnees-publique.medicaments.gouv.fr/affichageDoc.php?specid=61859603&typedoc=R
[45/9804] https://base-donnees-publique.medicaments.gouv.fr/affichageDoc.php?specid=67627711&typedoc=R
[1268/9804] https://base-donnees-publique.medicaments.gouv.fr/affichageDoc.php?specid=67728468&typedoc=R
[46/9804] https://base-donnees-publique.medicaments.gouv.fr/affichageDoc.php?specid=61278936&typedoc=R
[1269/9804] https://base-donnees-publique.medicaments.gouv.fr/affichageDoc.php?specid=67345231&typedoc=R
[47/9804] https://base-donnees-publique.medicaments.gouv.fr/affichageDoc.php?specid=69430342&typedoc=R
[1270/9804] https://base-donnees-publique.medicaments.gouv.fr/affichageDoc.php?specid=68930145&typedoc=R
[48/9804] https://base-donnees-publique.medicaments.gouv.fr/affichageDoc.php?specid=63880820&typedoc=R
[1271/9804] https://base-donnees-publique.medicaments.gouv.fr/affichageDoc.php?specid=66552355&typedoc=R
[49/9804] https://base-donnees-publique.medicaments.gouv.fr/affichageDoc.php?specid=63661520&typedoc=R
[1272/9804] https://base-donnees-publique.medicaments.gouv.fr/affichageDoc.php?specid=62349731&typedoc=R
[50/9804] https://base-donnees-publique.medicaments.gouv.fr/affichageDoc.php?specid=68167148&typedoc=R
[1273/9804] https://base-donnees-publique.medicaments.gouv.fr/affichageDoc.php?specid=61799519&typedoc=R
[51/9804] https://base-donnees-publique.medicaments.gouv.fr/affichageDoc.php?specid=65637614&typedoc=R
[1274/9804] https://base-donnees-publique.medicaments.gouv.fr/affichageDoc.php?specid=60598673&typedoc=R
[1275/9804] https://base-donnees-publique.medicaments.gouv.fr/affichageDoc.php?specid=66242285&typedoc=R
[52/9804] https://base-donnees-publique.medicaments.gouv.fr/affichageDoc.php?specid=60281598&typedoc=R
[1276/9804] https://base-donnees-publique.medicaments.gouv.fr/affichageDoc.php?specid=61094975&typedoc=R
[53/9804] https://base-donnees-publique.medicaments.gouv.fr/affichageDoc.php?specid=64021217&typedoc=R
[1277/9804] https://base-donnees-publique.medicaments.gouv.fr/affichageDoc.php?specid=66090991&typedoc=R
[54/9804] https://base-donnees-publique.medicaments.gouv.fr/affichageDoc.php?specid=69461099&typedoc=R
[1278/9804] https://base-donnees-publique.medicaments.gouv.fr/affichageDoc.php?specid=64667266&typedoc=R
[55/9804] https://base-donnees-publique.medicaments.gouv.fr/affichageDoc.php?specid=63874155&typedoc=R
[1279/9804] https://base-donnees-publique.medicaments.gouv.fr/affichageDoc.php?specid=60663142&typedoc=R
[56/9804] https://base-donnees-publique.medicaments.gouv.fr/affichageDoc.php?specid=64304820&typedoc=R
[57/9804] https://base-donnees-publique.medicaments.gouv.fr/affichageDoc.php?specid=67050875&typedoc=R
[1280/9804] https://base-donnees-publique.medicaments.gouv.fr/affichageDoc.php?specid=64432503&typedoc=R
[58/9804] https://base-donnees-publique.medicaments.gouv.fr/affichageDoc.php?specid=64847741&typedoc=R
[1281/9804] https://base-donnees-publique.medicaments.gouv.fr/affichageDoc.php?specid=61318238&typedoc=R
[59/9804] https://base-donnees-publique.medicaments.gouv.fr/affichageDoc.php?specid=62604153&typedoc=R
[1282/9804] https://base-donnees-publique.medicaments.gouv.fr/affichageDoc.php?specid=60850633&typedoc=R
[60/9804] https://base-donnees-publique.medicaments.gouv.fr/affichageDoc.php?specid=67771398&typedoc=R
[1283/9804] https://base-donnees-publique.medicaments.gouv.fr/affichageDoc.php?specid=66647757&typedoc=R
[61/9804] https://base-donnees-publique.medicaments.gouv.fr/affichageDoc.php?specid=62500717&typedoc=R
[1284/9804] https://base-donnees-publique.medicaments.gouv.fr/affichageDoc.php?specid=64674937&typedoc=R
[62/9804] https://base-donnees-publique.medicaments.gouv.fr/affichageDoc.php?specid=69877717&typedoc=R
[1285/9804] https://base-donnees-publique.medicaments.gouv.fr/affichageDoc.php?specid=63568557&typedoc=R
[63/9804] https://base-donnees-publique.medicaments.gouv.fr/affichageDoc.php?specid=65842957&typedoc=R
[1286/9804] https://base-donnees-publique.medicaments.gouv.fr/affichageDoc.php?specid=65658665&typedoc=R
[64/9804] https://base-donnees-publique.medicaments.gouv.fr/affichageDoc.php?specid=60477038&typedoc=R
[1287/9804] https://base-donnees-publique.medicaments.gouv.fr/affichageDoc.php?specid=65445795&typedoc=R
[65/9804] https://base-donnees-publique.medicaments.gouv.fr/affichageDoc.php?specid=63151492&typedoc=R
[1288/9804] https://base-donnees-publique.medicaments.gouv.fr/affichageDoc.php?specid=67736575&typedoc=R
[66/9804] https://base-donnees-publique.medicaments.gouv.fr/affichageDoc.php?specid=68600724&typedoc=R
[1289/9804] https://base-donnees-publique.medicaments.gouv.fr/affichageDoc.php?specid=69808144&typedoc=R
[67/9804] https://base-donnees-publique.medicaments.gouv.fr/affichageDoc.php?specid=64130871&typedoc=R
[1290/9804] https://base-donnees-publique.medicaments.gouv.fr/affichageDoc.php?specid=65213665&typedoc=R
[68/9804] https://base-donnees-publique.medicaments.gouv.fr/affichageDoc.php?specid=64937530&typedoc=R
[1291/9804] https://base-donnees-publique.medicaments.gouv.fr/affichageDoc.php?specid=63276706&typedoc=R
[1292/9804] https://base-donnees-publique.medicaments.gouv.fr/affichageDoc.php?specid=66528824&typedoc=R
[69/9804] https://base-donnees-publique.medicaments.gouv.fr/affichageDoc.php?specid=63092688&typedoc=R
[70/9804] https://base-donnees-publique.medicaments.gouv.fr/affichageDoc.php?specid=65900339&typedoc=R
[1293/9804] https://base-donnees-publique.medicaments.gouv.fr/affichageDoc.php?specid=63110385&typedoc=R
[71/9804] https://base-donnees-publique.medicaments.gouv.fr/affichageDoc.php?specid=67552319&typedoc=R
[1294/9804] https://base-donnees-publique.medicaments.gouv.fr/affichageDoc.php?specid=65909683&typedoc=R
[72/9804] https://base-donnees-publique.medicaments.gouv.fr/affichageDoc.php?specid=69243168&typedoc=R
[1295/9804] https://base-donnees-publique.medicaments.gouv.fr/affichageDoc.php?specid=61210508&typedoc=R
[73/9804] https://base-donnees-publique.medicaments.gouv.fr/affichageDoc.php?specid=69148542&typedoc=R
[1296/9804] https://base-donnees-publique.medicaments.gouv.fr/affichageDoc.php?specid=65699110&typedoc=R
[74/9804] https://base-donnees-publique.medicaments.gouv.fr/affichageDoc.php?specid=69205527&typedoc=R
[1297/9804] https://base-donnees-publique.medicaments.gouv.fr/affichageDoc.php?specid=69176659&typedoc=R
[75/9804] https://base-donnees-publique.medicaments.gouv.fr/affichageDoc.php?specid=68043798&typedoc=R
[1298/9804] https://base-donnees-publique.medicaments.gouv.fr/affichageDoc.php?specid=61800640&typedoc=R
[76/9804] https://base-donnees-publique.medicaments.gouv.fr/affichageDoc.php?specid=69896678&typedoc=R
[1299/9804] https://base-donnees-publique.medicaments.gouv.fr/affichageDoc.php?specid=62496101&typedoc=R
[77/9804] https://base-donnees-publique.medicaments.gouv.fr/affichageDoc.php?specid=67657188&typedoc=R
[1300/9804] https://base-donnees-publique.medicaments.gouv.fr/affichageDoc.php?specid=64245311&typedoc=R
[78/9804] https://base-donnees-publique.medicaments.gouv.fr/affichageDoc.php?specid=65483582&typedoc=R
[1301/9804] https://base-donnees-publique.medicaments.gouv.fr/affichageDoc.php?specid=64083973&typedoc=R
[79/9804] https://base-donnees-publique.medicaments.gouv.fr/affichageDoc.php?specid=62887979&typedoc=R
[1302/9804] https://base-donnees-publique.medicaments.gouv.fr/affichageDoc.php?specid=62175330&typedoc=R
[80/9804] https://base-donnees-publique.medicaments.gouv.fr/affichageDoc.php?specid=65897327&typedoc=R
[1303/9804] https://base-donnees-publique.medicaments.gouv.fr/affichageDoc.php?specid=68380153&typedoc=R
[1304/9804] https://base-donnees-publique.medicaments.gouv.fr/affichageDoc.php?specid=60789290&typedoc=R
[81/9804] https://base-donnees-publique.medicaments.gouv.fr/affichageDoc.php?specid=65372144&typedoc=R
[1305/9804] https://base-donnees-publique.medicaments.gouv.fr/affichageDoc.php?specid=60996524&typedoc=R
[82/9804] https://base-donnees-publique.medicaments.gouv.fr/affichageDoc.php?specid=68401067&typedoc=R
[1306/9804] https://base-donnees-publique.medicaments.gouv.fr/affichageDoc.php?specid=65179070&typedoc=R
[83/9804] https://base-donnees-publique.medicaments.gouv.fr/affichageDoc.php?specid=61683272&typedoc=R
[1307/9804] https://base-donnees-publique.medicaments.gouv.fr/affichageDoc.php?specid=65117097&typedoc=R
[84/9804] https://base-donnees-publique.medicaments.gouv.fr/affichageDoc.php?specid=62022480&typedoc=R
[1308/9804] https://base-donnees-publique.medicaments.gouv.fr/affichageDoc.php?specid=65664668&typedoc=R
[85/9804] https://base-donnees-publique.medicaments.gouv.fr/affichageDoc.php?specid=67363642&typedoc=R
[86/9804] https://base-donnees-publique.medicaments.gouv.fr/affichageDoc.php?specid=60111197&typedoc=R
[1309/9804] https://base-donnees-publique.medicaments.gouv.fr/affichageDoc.php?specid=67770143&typedoc=R
[87/9804] https://base-donnees-publique.medicaments.gouv.fr/affichageDoc.php?specid=64858307&typedoc=R
[1310/9804] https://base-donnees-publique.medicaments.gouv.fr/affichageDoc.php?specid=69062342&typedoc=R
[88/9804] https://base-donnees-publique.medicaments.gouv.fr/affichageDoc.php?specid=63299690&typedoc=R
[1311/9804] https://base-donnees-publique.medicaments.gouv.fr/affichageDoc.php?specid=64087459&typedoc=R
[89/9804] https://base-donnees-publique.medicaments.gouv.fr/affichageDoc.php?specid=62485208&typedoc=R
[1312/9804] https://base-donnees-publique.medicaments.gouv.fr/affichageDoc.php?specid=65599341&typedoc=R
[90/9804] https://base-donnees-publique.medicaments.gouv.fr/affichageDoc.php?specid=68303445&typedoc=R
[91/9804] https://base-donnees-publique.medicaments.gouv.fr/affichageDoc.php?specid=62970791&typedoc=R
[1313/9804] https://base-donnees-publique.medicaments.gouv.fr/affichageDoc.php?specid=66428496&typedoc=R
[92/9804] https://base-donnees-publique.medicaments.gouv.fr/affichageDoc.php?specid=68102563&typedoc=R
[1314/9804] https://base-donnees-publique.medicaments.gouv.fr/affichageDoc.php?specid=68115977&typedoc=R
[93/9804] https://base-donnees-publique.medicaments.gouv.fr/affichageDoc.php?specid=69175190&typedoc=R
[1315/9804] https://base-donnees-publique.medicaments.gouv.fr/affichageDoc.php?specid=60895361&typedoc=R
[94/9804] https://base-donnees-publique.medicaments.gouv.fr/affichageDoc.php?specid=67344332&typedoc=R
[1316/9804] https://base-donnees-publique.medicaments.gouv.fr/affichageDoc.php?specid=66051593&typedoc=R
[95/9804] https://base-donnees-publique.medicaments.gouv.fr/affichageDoc.php?specid=61938584&typedoc=R
[1317/9804] https://base-donnees-publique.medicaments.gouv.fr/affichageDoc.php?specid=67422400&typedoc=R
[96/9804] https://base-donnees-publique.medicaments.gouv.fr/affichageDoc.php?specid=60418673&typedoc=R
[1318/9804] https://base-donnees-publique.medicaments.gouv.fr/affichageDoc.php?specid=68601712&typedoc=R
[97/9804] https://base-donnees-publique.medicaments.gouv.fr/affichageDoc.php?specid=62891447&typedoc=R
[1319/9804] https://base-donnees-publique.medicaments.gouv.fr/affichageDoc.php?specid=66997921&typedoc=R
[98/9804] https://base-donnees-publique.medicaments.gouv.fr/affichageDoc.php?specid=64776881&typedoc=R
[99/9804] https://base-donnees-publique.medicaments.gouv.fr/affichageDoc.php?specid=61754342&typedoc=R
[1320/9804] https://base-donnees-publique.medicaments.gouv.fr/affichageDoc.php?specid=62867631&typedoc=R
[1321/9804] https://base-donnees-publique.medicaments.gouv.fr/affichageDoc.php?specid=66826137&typedoc=R
[100/9804] https://base-donnees-publique.medicaments.gouv.fr/affichageDoc.php?specid=69116587&typedoc=R
[101/9804] https://base-donnees-publique.medicaments.gouv.fr/affichageDoc.php?specid=60799637&typedoc=R
[1322/9804] https://base-donnees-publique.medicaments.gouv.fr/affichageDoc.php?specid=68749248&typedoc=R
[102/9804] https://base-donnees-publique.medicaments.gouv.fr/affichageDoc.php?specid=68560639&typedoc=R
[1323/9804] https://base-donnees-publique.medicaments.gouv.fr/affichageDoc.php?specid=61374863&typedoc=R
[103/9804] https://base-donnees-publique.medicaments.gouv.fr/affichageDoc.php?specid=66086740&typedoc=R
[1324/9804] https://base-donnees-publique.medicaments.gouv.fr/affichageDoc.php?specid=69585499&typedoc=R
[104/9804] https://base-donnees-publique.medicaments.gouv.fr/affichageDoc.php?specid=68474955&typedoc=R
[1325/9804] https://base-donnees-publique.medicaments.gouv.fr/affichageDoc.php?specid=61836960&typedoc=R
[105/9804] https://base-donnees-publique.medicaments.gouv.fr/affichageDoc.php?specid=67720806&typedoc=R
[1326/9804] https://base-donnees-publique.medicaments.gouv.fr/affichageDoc.php?specid=65739633&typedoc=R
[106/9804] https://base-donnees-publique.medicaments.gouv.fr/affichageDoc.php?specid=69258501&typedoc=R
[1327/9804] https://base-donnees-publique.medicaments.gouv.fr/affichageDoc.php?specid=65694191&typedoc=R
[107/9804] https://base-donnees-publique.medicaments.gouv.fr/affichageDoc.php?specid=60126377&typedoc=R
[1328/9804] https://base-donnees-publique.medicaments.gouv.fr/affichageDoc.php?specid=67961508&typedoc=R
[108/9804] https://base-donnees-publique.medicaments.gouv.fr/affichageDoc.php?specid=60890745&typedoc=R
[1329/9804] https://base-donnees-publique.medicaments.gouv.fr/affichageDoc.php?specid=63775310&typedoc=R
[109/9804] https://base-donnees-publique.medicaments.gouv.fr/affichageDoc.php?specid=67260521&typedoc=R
[1330/9804] https://base-donnees-publique.medicaments.gouv.fr/affichageDoc.php?specid=69196619&typedoc=R
[110/9804] https://base-donnees-publique.medicaments.gouv.fr/affichageDoc.php?specid=69540696&typedoc=R
[1331/9804] https://base-donnees-publique.medicaments.gouv.fr/affichageDoc.php?specid=61946531&typedoc=R
[111/9804] https://base-donnees-publique.medicaments.gouv.fr/affichageDoc.php?specid=64855318&typedoc=R
[112/9804] https://base-donnees-publique.medicaments.gouv.fr/affichageDoc.php?specid=64941728&typedoc=R
[113/9804] https://base-donnees-publique.medicaments.gouv.fr/affichageDoc.php?specid=60964409&typedoc=R
[1332/9804] https://base-donnees-publique.medicaments.gouv.fr/affichageDoc.php?specid=68482208&typedoc=R
[114/9804] https://base-donnees-publique.medicaments.gouv.fr/affichageDoc.php?specid=69180611&typedoc=R
[1333/9804] https://base-donnees-publique.medicaments.gouv.fr/affichageDoc.php?specid=63743120&typedoc=R
[115/9804] https://base-donnees-publique.medicaments.gouv.fr/affichageDoc.php?specid=66005293&typedoc=R
[1334/9804] https://base-donnees-publique.medicaments.gouv.fr/affichageDoc.php?specid=69339782&typedoc=R
[116/9804] https://base-donnees-publique.medicaments.gouv.fr/affichageDoc.php?specid=68881730&typedoc=R
[1335/9804] https://base-donnees-publique.medicaments.gouv.fr/affichageDoc.php?specid=69476628&typedoc=R
[117/9804] https://base-donnees-publique.medicaments.gouv.fr/affichageDoc.php?specid=69784280&typedoc=R
[1336/9804] https://base-donnees-publique.medicaments.gouv.fr/affichageDoc.php?specid=63731748&typedoc=R
[118/9804] https://base-donnees-publique.medicaments.gouv.fr/affichageDoc.php?specid=60365142&typedoc=R
[1337/9804] https://base-donnees-publique.medicaments.gouv.fr/affichageDoc.php?specid=61282094&typedoc=R
[119/9804] https://base-donnees-publique.medicaments.gouv.fr/affichageDoc.php?specid=63281774&typedoc=R
[1338/9804] https://base-donnees-publique.medicaments.gouv.fr/affichageDoc.php?specid=67076845&typedoc=R
[120/9804] https://base-donnees-publique.medicaments.gouv.fr/affichageDoc.php?specid=67464926&typedoc=R
[1339/9804] https://base-donnees-publique.medicaments.gouv.fr/affichageDoc.php?specid=61301363&typedoc=R
[1340/9804] https://base-donnees-publique.medicaments.gouv.fr/affichageDoc.php?specid=61234861&typedoc=R
[121/9804] https://base-donnees-publique.medicaments.gouv.fr/affichageDoc.php?specid=68229767&typedoc=R
[122/9804] https://base-donnees-publique.medicaments.gouv.fr/affichageDoc.php?specid=68659822&typedoc=R
[1341/9804] https://base-donnees-publique.medicaments.gouv.fr/affichageDoc.php?specid=62789360&typedoc=R
[1342/9804] https://base-donnees-publique.medicaments.gouv.fr/affichageDoc.php?specid=62915880&typedoc=R
[1343/9804] https://base-donnees-publique.medicaments.gouv.fr/affichageDoc.php?specid=61797183&typedoc=R
[123/9804] https://base-donnees-publique.medicaments.gouv.fr/affichageDoc.php?specid=63174719&typedoc=R
[1344/9804] https://base-donnees-publique.medicaments.gouv.fr/affichageDoc.php?specid=60295135&typedoc=R
[124/9804] https://base-donnees-publique.medicaments.gouv.fr/affichageDoc.php?specid=63525488&typedoc=R
[1345/9804] https://base-donnees-publique.medicaments.gouv.fr/affichageDoc.php?specid=60707788&typedoc=R
[125/9804] https://base-donnees-publique.medicaments.gouv.fr/affichageDoc.php?specid=64272874&typedoc=R
[1346/9804] https://base-donnees-publique.medicaments.gouv.fr/affichageDoc.php?specid=61592762&typedoc=R
[126/9804] https://base-donnees-publique.medicaments.gouv.fr/affichageDoc.php?specid=63001941&typedoc=R
[1347/9804] https://base-donnees-publique.medicaments.gouv.fr/affichageDoc.php?specid=61959781&typedoc=R
[127/9804] https://base-donnees-publique.medicaments.gouv.fr/affichageDoc.php?specid=65035846&typedoc=R
[1348/9804] https://base-donnees-publique.medicaments.gouv.fr/affichageDoc.php?specid=66787499&typedoc=R
[128/9804] https://base-donnees-publique.medicaments.gouv.fr/affichageDoc.php?specid=69242155&typedoc=R
[1349/9804] https://base-donnees-publique.medicaments.gouv.fr/affichageDoc.php?specid=62990185&typedoc=R
[129/9804] https://base-donnees-publique.medicaments.gouv.fr/affichageDoc.php?specid=60934017&typedoc=R
[1350/9804] https://base-donnees-publique.medicaments.gouv.fr/affichageDoc.php?specid=62404793&typedoc=R
[130/9804] https://base-donnees-publique.medicaments.gouv.fr/affichageDoc.php?specid=66407096&typedoc=R
[1351/9804] https://base-donnees-publique.medicaments.gouv.fr/affichageDoc.php?specid=63374716&typedoc=R
[131/9804] https://base-donnees-publique.medicaments.gouv.fr/affichageDoc.php?specid=62300481&typedoc=R
[1352/9804] https://base-donnees-publique.medicaments.gouv.fr/affichageDoc.php?specid=69978029&typedoc=R
[1353/9804] https://base-donnees-publique.medicaments.gouv.fr/affichageDoc.php?specid=64720320&typedoc=R
[132/9804] https://base-donnees-publique.medicaments.gouv.fr/affichageDoc.php?specid=62999597&typedoc=R
[1354/9804] https://base-donnees-publique.medicaments.gouv.fr/affichageDoc.php?specid=61365825&typedoc=R
[133/9804] https://base-donnees-publique.medicaments.gouv.fr/affichageDoc.php?specid=63278319&typedoc=R
[1355/9804] https://base-donnees-publique.medicaments.gouv.fr/affichageDoc.php?specid=62217822&typedoc=R
[134/9804] https://base-donnees-publique.medicaments.gouv.fr/affichageDoc.php?specid=64079238&typedoc=R
[1356/9804] https://base-donnees-publique.medicaments.gouv.fr/affichageDoc.php?specid=67685910&typedoc=R
[1357/9804] https://base-donnees-publique.medicaments.gouv.fr/affichageDoc.php?specid=62699735&typedoc=R
[135/9804] https://base-donnees-publique.medicaments.gouv.fr/affichageDoc.php?specid=66407826&typedoc=R
[136/9804] https://base-donnees-publique.medicaments.gouv.fr/affichageDoc.php?specid=68265101&typedoc=R
[1358/9804] https://base-donnees-publique.medicaments.gouv.fr/affichageDoc.php?specid=61687089&typedoc=R
[137/9804] https://base-donnees-publique.medicaments.gouv.fr/affichageDoc.php?specid=60648756&typedoc=R
[138/9804] https://base-donnees-publique.medicaments.gouv.fr/affichageDoc.php?specid=65079554&typedoc=R
[1359/9804] https://base-donnees-publique.medicaments.gouv.fr/affichageDoc.php?specid=67671540&typedoc=R
[139/9804] https://base-donnees-publique.medicaments.gouv.fr/affichageDoc.php?specid=65383557&typedoc=R
[1360/9804] https://base-donnees-publique.medicaments.gouv.fr/affichageDoc.php?specid=65491006&typedoc=R
[1361/9804] https://base-donnees-publique.medicaments.gouv.fr/affichageDoc.php?specid=61102475&typedoc=R
[140/9804] https://base-donnees-publique.medicaments.gouv.fr/affichageDoc.php?specid=60796566&typedoc=R
[1362/9804] https://base-donnees-publique.medicaments.gouv.fr/affichageDoc.php?specid=60886501&typedoc=R
[141/9804] https://base-donnees-publique.medicaments.gouv.fr/affichageDoc.php?specid=63501366&typedoc=R
[142/9804] https://base-donnees-publique.medicaments.gouv.fr/affichageDoc.php?specid=67320915&typedoc=R
[143/9804] https://base-donnees-publique.medicaments.gouv.fr/affichageDoc.php?specid=68502917&typedoc=R
[144/9804] https://base-donnees-publique.medicaments.gouv.fr/affichageDoc.php?specid=69448600&typedoc=R
[145/9804] https://base-donnees-publique.medicaments.gouv.fr/affichageDoc.php?specid=69661235&typedoc=R
[146/9804] https://base-donnees-publique.medicaments.gouv.fr/affichageDoc.php?specid=68762562&typedoc=R
[1363/9804] https://base-donnees-publique.medicaments.gouv.fr/affichageDoc.php?specid=67124076&typedoc=R
[147/9804] https://base-donnees-publique.medicaments.gouv.fr/affichageDoc.php?specid=67676765&typedoc=R
[148/9804] https://base-donnees-publique.medicaments.gouv.fr/affichageDoc.php?specid=64944927&typedoc=R
[149/9804] https://base-donnees-publique.medicaments.gouv.fr/affichageDoc.php?specid=64108825&typedoc=R
[1364/9804] https://base-donnees-publique.medicaments.gouv.fr/affichageDoc.php?specid=62899604&typedoc=R
[150/9804] https://base-donnees-publique.medicaments.gouv.fr/affichageDoc.php?specid=66343989&typedoc=R
[151/9804] https://base-donnees-publique.medicaments.gouv.fr/affichageDoc.php?specid=63861752&typedoc=R
[152/9804] https://base-donnees-publique.medicaments.gouv.fr/affichageDoc.php?specid=65427676&typedoc=R
[153/9804] https://base-donnees-publique.medicaments.gouv.fr/affichageDoc.php?specid=64913426&typedoc=R
[1365/9804] https://base-donnees-publique.medicaments.gouv.fr/affichageDoc.php?specid=68834182&typedoc=R
[154/9804] https://base-donnees-publique.medicaments.gouv.fr/affichageDoc.php?specid=61884211&typedoc=R
[155/9804] https://base-donnees-publique.medicaments.gouv.fr/affichageDoc.php?specid=62714607&typedoc=R
[156/9804] https://base-donnees-publique.medicaments.gouv.fr/affichageDoc.php?specid=63520847&typedoc=R
[157/9804] https://base-donnees-publique.medicaments.gouv.fr/affichageDoc.php?specid=64314490&typedoc=R
[158/9804] https://base-donnees-publique.medicaments.gouv.fr/affichageDoc.php?specid=64564711&typedoc=R
[1366/9804] https://base-donnees-publique.medicaments.gouv.fr/affichageDoc.php?specid=64043587&typedoc=R
[159/9804] https://base-donnees-publique.medicaments.gouv.fr/affichageDoc.php?specid=60151843&typedoc=R
[1367/9804] https://base-donnees-publique.medicaments.gouv.fr/affichageDoc.php?specid=61868584&typedoc=R
[1368/9804] https://base-donnees-publique.medicaments.gouv.fr/affichageDoc.php?specid=67407786&typedoc=R
[1369/9804] https://base-donnees-publique.medicaments.gouv.fr/affichageDoc.php?specid=62497388&typedoc=R
[1370/9804] https://base-donnees-publique.medicaments.gouv.fr/affichageDoc.php?specid=68353583&typedoc=R
[1371/9804] https://base-donnees-publique.medicaments.gouv.fr/affichageDoc.php?specid=66311429&typedoc=R
[1372/9804] https://base-donnees-publique.medicaments.gouv.fr/affichageDoc.php?specid=64664996&typedoc=R
[1373/9804] https://base-donnees-publique.medicaments.gouv.fr/affichageDoc.php?specid=65599067&typedoc=R
[1374/9804] https://base-donnees-publique.medicaments.gouv.fr/affichageDoc.php?specid=69176399&typedoc=R
[1375/9804] https://base-donnees-publique.medicaments.gouv.fr/affichageDoc.php?specid=69545056&typedoc=R
[1376/9804] https://base-donnees-publique.medicaments.gouv.fr/affichageDoc.php?specid=62395974&typedoc=R
[1377/9804] https://base-donnees-publique.medicaments.gouv.fr/affichageDoc.php?specid=67312950&typedoc=R
[1378/9804] https://base-donnees-publique.medicaments.gouv.fr/affichageDoc.php?specid=66330568&typedoc=R
[1379/9804] https://base-donnees-publique.medicaments.gouv.fr/affichageDoc.php?specid=61300005&typedoc=R
[1380/9804] https://base-donnees-publique.medicaments.gouv.fr/affichageDoc.php?specid=67194854&typedoc=R
[1381/9804] https://base-donnees-publique.medicaments.gouv.fr/affichageDoc.php?specid=61177887&typedoc=R
[1382/9804] https://base-donnees-publique.medicaments.gouv.fr/affichageDoc.php?specid=63922956&typedoc=R
[1383/9804] https://base-donnees-publique.medicaments.gouv.fr/affichageDoc.php?specid=67229344&typedoc=R
[1384/9804] https://base-donnees-publique.medicaments.gouv.fr/affichageDoc.php?specid=68626690&typedoc=R
[1385/9804] https://base-donnees-publique.medicaments.gouv.fr/affichageDoc.php?specid=62600742&typedoc=R
[1386/9804] https://base-donnees-publique.medicaments.gouv.fr/affichageDoc.php?specid=68242177&typedoc=R
[1387/9804] https://base-donnees-publique.medicaments.gouv.fr/affichageDoc.php?specid=60961427&typedoc=R
[1388/9804] https://base-donnees-publique.medicaments.gouv.fr/affichageDoc.php?specid=60574868&typedoc=R
[160/9804] https://base-donnees-publique.medicaments.gouv.fr/affichageDoc.php?specid=68806603&typedoc=R
[1389/9804] https://base-donnees-publique.medicaments.gouv.fr/affichageDoc.php?specid=68700831&typedoc=R
[161/9804] https://base-donnees-publique.medicaments.gouv.fr/affichageDoc.php?specid=69307489&typedoc=R
[1390/9804] https://base-donnees-publique.medicaments.gouv.fr/affichageDoc.php?specid=66289783&typedoc=R
[162/9804] https://base-donnees-publique.medicaments.gouv.fr/affichageDoc.php?specid=60970141&typedoc=R[1391/9804] https://base-donnees-publique.medicaments.gouv.fr/affichageDoc.php?specid=64048335&typedoc=R

[163/9804] https://base-donnees-publique.medicaments.gouv.fr/affichageDoc.php?specid=61225182&typedoc=R
[1392/9804] https://base-donnees-publique.medicaments.gouv.fr/affichageDoc.php?specid=65889825&typedoc=R
[164/9804] https://base-donnees-publique.medicaments.gouv.fr/affichageDoc.php?specid=60886120&typedoc=R
[1393/9804] https://base-donnees-publique.medicaments.gouv.fr/affichageDoc.php?specid=69961204&typedoc=R
[165/9804] https://base-donnees-publique.medicaments.gouv.fr/affichageDoc.php?specid=66438622&typedoc=R
[1394/9804] https://base-donnees-publique.medicaments.gouv.fr/affichageDoc.php?specid=63432799&typedoc=R
[166/9804] https://base-donnees-publique.medicaments.gouv.fr/affichageDoc.php?specid=62508863&typedoc=R
[1395/9804] https://base-donnees-publique.medicaments.gouv.fr/affichageDoc.php?specid=65492389&typedoc=R
[167/9804] https://base-donnees-publique.medicaments.gouv.fr/affichageDoc.php?specid=62994066&typedoc=R
[1396/9804] https://base-donnees-publique.medicaments.gouv.fr/affichageDoc.php?specid=68305211&typedoc=R
[168/9804] https://base-donnees-publique.medicaments.gouv.fr/affichageDoc.php?specid=69846255&typedoc=R
[1397/9804] https://base-donnees-publique.medicaments.gouv.fr/affichageDoc.php?specid=67701396&typedoc=R
[169/9804] https://base-donnees-publique.medicaments.gouv.fr/affichageDoc.php?specid=67519707&typedoc=R
[170/9804] https://base-donnees-publique.medicaments.gouv.fr/affichageDoc.php?specid=66175242&typedoc=R
[1398/9804] https://base-donnees-publique.medicaments.gouv.fr/affichageDoc.php?specid=62196488&typedoc=R
[171/9804] https://base-donnees-publique.medicaments.gouv.fr/affichageDoc.php?specid=64410713&typedoc=R
[1399/9804] https://base-donnees-publique.medicaments.gouv.fr/affichageDoc.php?specid=66126291&typedoc=R
[172/9804] https://base-donnees-publique.medicaments.gouv.fr/affichageDoc.php?specid=64044205&typedoc=R
[1400/9804] https://base-donnees-publique.medicaments.gouv.fr/affichageDoc.php?specid=64907754&typedoc=R
[173/9804] https://base-donnees-publique.medicaments.gouv.fr/affichageDoc.php?specid=67182791&typedoc=R
[1401/9804] https://base-donnees-publique.medicaments.gouv.fr/affichageDoc.php?specid=67780625&typedoc=R
[1402/9804] https://base-donnees-publique.medicaments.gouv.fr/affichageDoc.php?specid=68162770&typedoc=R
[174/9804] https://base-donnees-publique.medicaments.gouv.fr/affichageDoc.php?specid=68480627&typedoc=R
[1403/9804] https://base-donnees-publique.medicaments.gouv.fr/affichageDoc.php?specid=65506814&typedoc=R
[1404/9804] https://base-donnees-publique.medicaments.gouv.fr/affichageDoc.php?specid=61084408&typedoc=R
[175/9804] https://base-donnees-publique.medicaments.gouv.fr/affichageDoc.php?specid=65063322&typedoc=R
[1405/9804] https://base-donnees-publique.medicaments.gouv.fr/affichageDoc.php?specid=68876142&typedoc=R
[176/9804] https://base-donnees-publique.medicaments.gouv.fr/affichageDoc.php?specid=65148121&typedoc=R
[1406/9804] https://base-donnees-publique.medicaments.gouv.fr/affichageDoc.php?specid=62270942&typedoc=R
[177/9804] https://base-donnees-publique.medicaments.gouv.fr/affichageDoc.php?specid=64908596&typedoc=R
[1407/9804] https://base-donnees-publique.medicaments.gouv.fr/affichageDoc.php?specid=61746541&typedoc=R
[178/9804] https://base-donnees-publique.medicaments.gouv.fr/affichageDoc.php?specid=69636666&typedoc=R
[1408/9804] https://base-donnees-publique.medicaments.gouv.fr/affichageDoc.php?specid=67851467&typedoc=R
[179/9804] https://base-donnees-publique.medicaments.gouv.fr/affichageDoc.php?specid=60991573&typedoc=R
[1409/9804] https://base-donnees-publique.medicaments.gouv.fr/affichageDoc.php?specid=61253160&typedoc=R
[180/9804] https://base-donnees-publique.medicaments.gouv.fr/affichageDoc.php?specid=67159166&typedoc=R
[1410/9804] https://base-donnees-publique.medicaments.gouv.fr/affichageDoc.php?specid=63721729&typedoc=R
[181/9804] https://base-donnees-publique.medicaments.gouv.fr/affichageDoc.php?specid=69152302&typedoc=R
[182/9804] https://base-donnees-publique.medicaments.gouv.fr/affichageDoc.php?specid=61104024&typedoc=R
[1411/9804] https://base-donnees-publique.medicaments.gouv.fr/affichageDoc.php?specid=64416164&typedoc=R
[183/9804] https://base-donnees-publique.medicaments.gouv.fr/affichageDoc.php?specid=65464525&typedoc=R
[1412/9804] https://base-donnees-publique.medicaments.gouv.fr/affichageDoc.php?specid=68528958&typedoc=R
[184/9804] https://base-donnees-publique.medicaments.gouv.fr/affichageDoc.php?specid=69488452&typedoc=R
[1413/9804] https://base-donnees-publique.medicaments.gouv.fr/affichageDoc.php?specid=69174003&typedoc=R
[185/9804] https://base-donnees-publique.medicaments.gouv.fr/affichageDoc.php?specid=61774341&typedoc=R
[1414/9804] https://base-donnees-publique.medicaments.gouv.fr/affichageDoc.php?specid=69713034&typedoc=R
[186/9804] https://base-donnees-publique.medicaments.gouv.fr/affichageDoc.php?specid=60206332&typedoc=R
[1415/9804] https://base-donnees-publique.medicaments.gouv.fr/affichageDoc.php?specid=69555470&typedoc=R
[187/9804] https://base-donnees-publique.medicaments.gouv.fr/affichageDoc.php?specid=69928332&typedoc=R
[1416/9804] https://base-donnees-publique.medicaments.gouv.fr/affichageDoc.php?specid=69016462&typedoc=R
[188/9804] https://base-donnees-publique.medicaments.gouv.fr/affichageDoc.php?specid=67177673&typedoc=R
[1417/9804] https://base-donnees-publique.medicaments.gouv.fr/affichageDoc.php?specid=68902014&typedoc=R
[189/9804] https://base-donnees-publique.medicaments.gouv.fr/affichageDoc.php?specid=63617876&typedoc=R
[1418/9804] https://base-donnees-publique.medicaments.gouv.fr/affichageDoc.php?specid=60916357&typedoc=R
[1419/9804] https://base-donnees-publique.medicaments.gouv.fr/affichageDoc.php?specid=60542703&typedoc=R
[190/9804] https://base-donnees-publique.medicaments.gouv.fr/affichageDoc.php?specid=62187806&typedoc=R
[1420/9804] https://base-donnees-publique.medicaments.gouv.fr/affichageDoc.php?specid=62652340&typedoc=R
[191/9804] https://base-donnees-publique.medicaments.gouv.fr/affichageDoc.php?specid=66645425&typedoc=R
[1421/9804] https://base-donnees-publique.medicaments.gouv.fr/affichageDoc.php?specid=65589393&typedoc=R
[192/9804] https://base-donnees-publique.medicaments.gouv.fr/affichageDoc.php?specid=67100036&typedoc=R
[1422/9804] https://base-donnees-publique.medicaments.gouv.fr/affichageDoc.php?specid=64265641&typedoc=R
[1423/9804] https://base-donnees-publique.medicaments.gouv.fr/affichageDoc.php?specid=67066573&typedoc=R
[193/9804] https://base-donnees-publique.medicaments.gouv.fr/affichageDoc.php?specid=64417355&typedoc=R
[1424/9804] https://base-donnees-publique.medicaments.gouv.fr/affichageDoc.php?specid=62157019&typedoc=R
[194/9804] https://base-donnees-publique.medicaments.gouv.fr/affichageDoc.php?specid=62469549&typedoc=R
[1425/9804] https://base-donnees-publique.medicaments.gouv.fr/affichageDoc.php?specid=60505950&typedoc=R
[195/9804] https://base-donnees-publique.medicaments.gouv.fr/affichageDoc.php?specid=63454500&typedoc=R
[1426/9804] https://base-donnees-publique.medicaments.gouv.fr/affichageDoc.php?specid=65554855&typedoc=R
[196/9804] https://base-donnees-publique.medicaments.gouv.fr/affichageDoc.php?specid=64288864&typedoc=R
[1427/9804] https://base-donnees-publique.medicaments.gouv.fr/affichageDoc.php?specid=64315724&typedoc=R
[197/9804] https://base-donnees-publique.medicaments.gouv.fr/affichageDoc.php?specid=60765898&typedoc=R
[1428/9804] https://base-donnees-publique.medicaments.gouv.fr/affichageDoc.php?specid=61819669&typedoc=R
[198/9804] https://base-donnees-publique.medicaments.gouv.fr/affichageDoc.php?specid=63594630&typedoc=R
[1429/9804] https://base-donnees-publique.medicaments.gouv.fr/affichageDoc.php?specid=69390232&typedoc=R
[1430/9804] https://base-donnees-publique.medicaments.gouv.fr/affichageDoc.php?specid=62127307&typedoc=R
[199/9804] https://base-donnees-publique.medicaments.gouv.fr/affichageDoc.php?specid=69235748&typedoc=R
[1431/9804] https://base-donnees-publique.medicaments.gouv.fr/affichageDoc.php?specid=67232600&typedoc=R
[200/9804] https://base-donnees-publique.medicaments.gouv.fr/affichageDoc.php?specid=64373026&typedoc=R
[1432/9804] https://base-donnees-publique.medicaments.gouv.fr/affichageDoc.php?specid=65306016&typedoc=R
[1433/9804] https://base-donnees-publique.medicaments.gouv.fr/affichageDoc.php?specid=67803383&typedoc=R
[201/9804] https://base-donnees-publique.medicaments.gouv.fr/affichageDoc.php?specid=62820286&typedoc=R
[1434/9804] https://base-donnees-publique.medicaments.gouv.fr/affichageDoc.php?specid=63036604&typedoc=R
[202/9804] https://base-donnees-publique.medicaments.gouv.fr/affichageDoc.php?specid=62417470&typedoc=R
[1435/9804] https://base-donnees-publique.medicaments.gouv.fr/affichageDoc.php?specid=67461691&typedoc=R
[203/9804] https://base-donnees-publique.medicaments.gouv.fr/affichageDoc.php?specid=66047164&typedoc=R
[1436/9804] https://base-donnees-publique.medicaments.gouv.fr/affichageDoc.php?specid=67802737&typedoc=R
[1437/9804] https://base-donnees-publique.medicaments.gouv.fr/affichageDoc.php?specid=65648500&typedoc=R
[1438/9804] https://base-donnees-publique.medicaments.gouv.fr/affichageDoc.php?specid=63163772&typedoc=R
[1439/9804] https://base-donnees-publique.medicaments.gouv.fr/affichageDoc.php?specid=60724061&typedoc=R
[1440/9804] https://base-donnees-publique.medicaments.gouv.fr/affichageDoc.php?specid=60512521&typedoc=R
[1441/9804] https://base-donnees-publique.medicaments.gouv.fr/affichageDoc.php?specid=64716254&typedoc=R
[1442/9804] https://base-donnees-publique.medicaments.gouv.fr/affichageDoc.php?specid=67404879&typedoc=R
[1443/9804] https://base-donnees-publique.medicaments.gouv.fr/affichageDoc.php?specid=61429847&typedoc=R
[1444/9804] https://base-donnees-publique.medicaments.gouv.fr/affichageDoc.php?specid=69740106&typedoc=R
[1445/9804] https://base-donnees-publique.medicaments.gouv.fr/affichageDoc.php?specid=63699439&typedoc=R
[1446/9804] https://base-donnees-publique.medicaments.gouv.fr/affichageDoc.php?specid=66563273&typedoc=R
[1447/9804] https://base-donnees-publique.medicaments.gouv.fr/affichageDoc.php?specid=62837780&typedoc=R
[1448/9804] https://base-donnees-publique.medicaments.gouv.fr/affichageDoc.php?specid=61578015&typedoc=R
[1449/9804] https://base-donnees-publique.medicaments.gouv.fr/affichageDoc.php?specid=62368639&typedoc=R
[1450/9804] https://base-donnees-publique.medicaments.gouv.fr/affichageDoc.php?specid=67148878&typedoc=R
[1451/9804] https://base-donnees-publique.medicaments.gouv.fr/affichageDoc.php?specid=69000305&typedoc=R
[1452/9804] https://base-donnees-publique.medicaments.gouv.fr/affichageDoc.php?specid=60204573&typedoc=R
[1453/9804] https://base-donnees-publique.medicaments.gouv.fr/affichageDoc.php?specid=65021818&typedoc=R
[1454/9804] https://base-donnees-publique.medicaments.gouv.fr/affichageDoc.php?specid=62927306&typedoc=R
[1455/9804] https://base-donnees-publique.medicaments.gouv.fr/affichageDoc.php?specid=62767225&typedoc=R
[1456/9804] https://base-donnees-publique.medicaments.gouv.fr/affichageDoc.php?specid=63120714&typedoc=R
[1457/9804] https://base-donnees-publique.medicaments.gouv.fr/affichageDoc.php?specid=67032076&typedoc=R
[1458/9804] https://base-donnees-publique.medicaments.gouv.fr/affichageDoc.php?specid=68314018&typedoc=R
[1459/9804] https://base-donnees-publique.medicaments.gouv.fr/affichageDoc.php?specid=61849961&typedoc=R
[1460/9804] https://base-donnees-publique.medicaments.gouv.fr/affichageDoc.php?specid=68055124&typedoc=R
[1461/9804] https://base-donnees-publique.medicaments.gouv.fr/affichageDoc.php?specid=66009498&typedoc=R
[1462/9804] https://base-donnees-publique.medicaments.gouv.fr/affichageDoc.php?specid=63516304&typedoc=R
[1463/9804] https://base-donnees-publique.medicaments.gouv.fr/affichageDoc.php?specid=60590630&typedoc=R
[1464/9804] https://base-donnees-publique.medicaments.gouv.fr/affichageDoc.php?specid=63631623&typedoc=R
[1465/9804] https://base-donnees-publique.medicaments.gouv.fr/affichageDoc.php?specid=67406111&typedoc=R
[1466/9804] https://base-donnees-publique.medicaments.gouv.fr/affichageDoc.php?specid=69458263&typedoc=R
  ❌ ERREUR: HTTPConnectionPool(host='base-donnees-publique.medicaments.gouv.fr', port=80): Max retries exceeded with url: /medicament/66047164/extrait (Caused by ConnectTimeoutError(<HTTPConnection(host='base-donnees-publique.medicaments.gouv.fr', port=80) at 0x7fcc56b683a0>, 'Connection to base-donnees-publique.medicaments.gouv.fr timed out. (connect timeout=20)'))
[204/9804] https://base-donnees-publique.medicaments.gouv.fr/affichageDoc.php?specid=67928230&typedoc=R
[1467/9804] https://base-donnees-publique.medicaments.gouv.fr/affichageDoc.php?specid=61872472&typedoc=R
[205/9804] https://base-donnees-publique.medicaments.gouv.fr/affichageDoc.php?specid=62210849&typedoc=R
[1468/9804] https://base-donnees-publique.medicaments.gouv.fr/affichageDoc.php?specid=61688718&typedoc=R
[206/9804] https://base-donnees-publique.medicaments.gouv.fr/affichageDoc.php?specid=69716824&typedoc=R
[1469/9804] https://base-donnees-publique.medicaments.gouv.fr/affichageDoc.php?specid=65740589&typedoc=R
[207/9804] https://base-donnees-publique.medicaments.gouv.fr/affichageDoc.php?specid=64392560&typedoc=R
[1470/9804] https://base-donnees-publique.medicaments.gouv.fr/affichageDoc.php?specid=61001138&typedoc=R
[1471/9804] https://base-donnees-publique.medicaments.gouv.fr/affichageDoc.php?specid=65609084&typedoc=R
[208/9804] https://base-donnees-publique.medicaments.gouv.fr/affichageDoc.php?specid=60399454&typedoc=R
[209/9804] https://base-donnees-publique.medicaments.gouv.fr/affichageDoc.php?specid=65740030&typedoc=R
[1472/9804] https://base-donnees-publique.medicaments.gouv.fr/affichageDoc.php?specid=64644709&typedoc=R
[210/9804] https://base-donnees-publique.medicaments.gouv.fr/affichageDoc.php?specid=64566299&typedoc=R
[1473/9804] https://base-donnees-publique.medicaments.gouv.fr/affichageDoc.php?specid=61740691&typedoc=R
[211/9804] https://base-donnees-publique.medicaments.gouv.fr/affichageDoc.php?specid=68951171&typedoc=R
[1474/9804] https://base-donnees-publique.medicaments.gouv.fr/affichageDoc.php?specid=67154226&typedoc=R
[212/9804] https://base-donnees-publique.medicaments.gouv.fr/affichageDoc.php?specid=67448313&typedoc=R
[1475/9804] https://base-donnees-publique.medicaments.gouv.fr/affichageDoc.php?specid=69658214&typedoc=R
[213/9804] https://base-donnees-publique.medicaments.gouv.fr/affichageDoc.php?specid=62040674&typedoc=R
[1476/9804] https://base-donnees-publique.medicaments.gouv.fr/affichageDoc.php?specid=68656947&typedoc=R
[214/9804] https://base-donnees-publique.medicaments.gouv.fr/affichageDoc.php?specid=60043038&typedoc=R
[215/9804] https://base-donnees-publique.medicaments.gouv.fr/affichageDoc.php?specid=68337593&typedoc=R
[1477/9804] https://base-donnees-publique.medicaments.gouv.fr/affichageDoc.php?specid=68232635&typedoc=R
[216/9804] https://base-donnees-publique.medicaments.gouv.fr/affichageDoc.php?specid=62927128&typedoc=R
[1478/9804] https://base-donnees-publique.medicaments.gouv.fr/affichageDoc.php?specid=61834055&typedoc=R
[217/9804] https://base-donnees-publique.medicaments.gouv.fr/affichageDoc.php?specid=62206135&typedoc=R
[1479/9804] https://base-donnees-publique.medicaments.gouv.fr/affichageDoc.php?specid=67563415&typedoc=R
[218/9804] https://base-donnees-publique.medicaments.gouv.fr/affichageDoc.php?specid=63866361&typedoc=R
[1480/9804] https://base-donnees-publique.medicaments.gouv.fr/affichageDoc.php?specid=63305905&typedoc=R
[219/9804] https://base-donnees-publique.medicaments.gouv.fr/affichageDoc.php?specid=62580656&typedoc=R
[1481/9804] https://base-donnees-publique.medicaments.gouv.fr/affichageDoc.php?specid=61964472&typedoc=R
[220/9804] https://base-donnees-publique.medicaments.gouv.fr/affichageDoc.php?specid=65099368&typedoc=R
[1482/9804] https://base-donnees-publique.medicaments.gouv.fr/affichageDoc.php?specid=62722123&typedoc=R
[221/9804] https://base-donnees-publique.medicaments.gouv.fr/affichageDoc.php?specid=67245747&typedoc=R
[222/9804] https://base-donnees-publique.medicaments.gouv.fr/affichageDoc.php?specid=62886560&typedoc=R
[1483/9804] https://base-donnees-publique.medicaments.gouv.fr/affichageDoc.php?specid=61787869&typedoc=R
[223/9804] https://base-donnees-publique.medicaments.gouv.fr/affichageDoc.php?specid=69422057&typedoc=R
[1484/9804] https://base-donnees-publique.medicaments.gouv.fr/affichageDoc.php?specid=69580203&typedoc=R
[224/9804] https://base-donnees-publique.medicaments.gouv.fr/affichageDoc.php?specid=69982928&typedoc=R
[1485/9804] https://base-donnees-publique.medicaments.gouv.fr/affichageDoc.php?specid=60406016&typedoc=R
[225/9804] https://base-donnees-publique.medicaments.gouv.fr/affichageDoc.php?specid=61855583&typedoc=R
[226/9804] https://base-donnees-publique.medicaments.gouv.fr/affichageDoc.php?specid=62967603&typedoc=R
[227/9804] https://base-donnees-publique.medicaments.gouv.fr/affichageDoc.php?specid=68352264&typedoc=R
[228/9804] https://base-donnees-publique.medicaments.gouv.fr/affichageDoc.php?specid=67537114&typedoc=R
[229/9804] https://base-donnees-publique.medicaments.gouv.fr/affichageDoc.php?specid=63052537&typedoc=R
[230/9804] https://base-donnees-publique.medicaments.gouv.fr/affichageDoc.php?specid=60928936&typedoc=R
[1486/9804] https://base-donnees-publique.medicaments.gouv.fr/affichageDoc.php?specid=60004505&typedoc=R
[231/9804] https://base-donnees-publique.medicaments.gouv.fr/affichageDoc.php?specid=66265330&typedoc=R
[1487/9804] https://base-donnees-publique.medicaments.gouv.fr/affichageDoc.php?specid=68850261&typedoc=R
[232/9804] https://base-donnees-publique.medicaments.gouv.fr/affichageDoc.php?specid=67180032&typedoc=R
[233/9804] https://base-donnees-publique.medicaments.gouv.fr/affichageDoc.php?specid=68955248&typedoc=R
[1488/9804] https://base-donnees-publique.medicaments.gouv.fr/affichageDoc.php?specid=69159439&typedoc=R
[234/9804] https://base-donnees-publique.medicaments.gouv.fr/affichageDoc.php?specid=68176916&typedoc=R
[1489/9804] https://base-donnees-publique.medicaments.gouv.fr/affichageDoc.php?specid=64986919&typedoc=R
[235/9804] https://base-donnees-publique.medicaments.gouv.fr/affichageDoc.php?specid=66927104&typedoc=R
[1490/9804] https://base-donnees-publique.medicaments.gouv.fr/affichageDoc.php?specid=60332103&typedoc=R
[236/9804] https://base-donnees-publique.medicaments.gouv.fr/affichageDoc.php?specid=61964294&typedoc=R
[1491/9804] https://base-donnees-publique.medicaments.gouv.fr/affichageDoc.php?specid=69309547&typedoc=R
[237/9804] https://base-donnees-publique.medicaments.gouv.fr/affichageDoc.php?specid=62024136&typedoc=R
[1492/9804] https://base-donnees-publique.medicaments.gouv.fr/affichageDoc.php?specid=66385504&typedoc=R
[238/9804] https://base-donnees-publique.medicaments.gouv.fr/affichageDoc.php?specid=69150358&typedoc=R
[1493/9804] https://base-donnees-publique.medicaments.gouv.fr/affichageDoc.php?specid=61383937&typedoc=R
[1494/9804] https://base-donnees-publique.medicaments.gouv.fr/affichageDoc.php?specid=69814072&typedoc=R
  ❌ ERREUR: HTTPConnectionPool(host='base-donnees-publique.medicaments.gouv.fr', port=80): Max retries exceeded with url: /medicament/69150358/extrait (Caused by ConnectTimeoutError(<HTTPConnection(host='base-donnees-publique.medicaments.gouv.fr', port=80) at 0x7fcc56b28ca0>, 'Connection to base-donnees-publique.medicaments.gouv.fr timed out. (connect timeout=20)'))
[239/9804] https://base-donnees-publique.medicaments.gouv.fr/affichageDoc.php?specid=61072758&typedoc=R
  ❌ ERREUR: HTTPConnectionPool(host='base-donnees-publique.medicaments.gouv.fr', port=80): Max retries exceeded with url: /medicament/69814072/extrait (Caused by ConnectTimeoutError(<HTTPConnection(host='base-donnees-publique.medicaments.gouv.fr', port=80) at 0x7ff17876f6a0>, 'Connection to base-donnees-publique.medicaments.gouv.fr timed out. (connect timeout=20)'))
[240/9804] https://base-donnees-publique.medicaments.gouv.fr/affichageDoc.php?specid=69325747&typedoc=R
[1495/9804] https://base-donnees-publique.medicaments.gouv.fr/affichageDoc.php?specid=62794471&typedoc=R
[241/9804] https://base-donnees-publique.medicaments.gouv.fr/affichageDoc.php?specid=69556177&typedoc=R
[1496/9804] https://base-donnees-publique.medicaments.gouv.fr/affichageDoc.php?specid=69686498&typedoc=R
[242/9804] https://base-donnees-publique.medicaments.gouv.fr/affichageDoc.php?specid=69553494&typedoc=R
[1497/9804] https://base-donnees-publique.medicaments.gouv.fr/affichageDoc.php?specid=65364681&typedoc=R
[243/9804] https://base-donnees-publique.medicaments.gouv.fr/affichageDoc.php?specid=65771499&typedoc=R
[1498/9804] https://base-donnees-publique.medicaments.gouv.fr/affichageDoc.php?specid=63123849&typedoc=R
[244/9804] https://base-donnees-publique.medicaments.gouv.fr/affichageDoc.php?specid=64367525&typedoc=R
[245/9804] https://base-donnees-publique.medicaments.gouv.fr/affichageDoc.php?specid=66269026&typedoc=R
[1499/9804] https://base-donnees-publique.medicaments.gouv.fr/affichageDoc.php?specid=65602079&typedoc=R
[246/9804] https://base-donnees-publique.medicaments.gouv.fr/affichageDoc.php?specid=68634000&typedoc=R
[1500/9804] https://base-donnees-publique.medicaments.gouv.fr/affichageDoc.php?specid=69716272&typedoc=R
[247/9804] https://base-donnees-publique.medicaments.gouv.fr/affichageDoc.php?specid=63646874&typedoc=R
[1501/9804] https://base-donnees-publique.medicaments.gouv.fr/affichageDoc.php?specid=68756577&typedoc=R
[248/9804] https://base-donnees-publique.medicaments.gouv.fr/affichageDoc.php?specid=67848097&typedoc=R
[1502/9804] https://base-donnees-publique.medicaments.gouv.fr/affichageDoc.php?specid=61817860&typedoc=R
[1503/9804] https://base-donnees-publique.medicaments.gouv.fr/affichageDoc.php?specid=64498371&typedoc=R[249/9804] https://base-donnees-publique.medicaments.gouv.fr/affichageDoc.php?specid=61959735&typedoc=R

[1504/9804] https://base-donnees-publique.medicaments.gouv.fr/affichageDoc.php?specid=60748767&typedoc=R
[250/9804] https://base-donnees-publique.medicaments.gouv.fr/affichageDoc.php?specid=68033779&typedoc=R
[1505/9804] https://base-donnees-publique.medicaments.gouv.fr/affichageDoc.php?specid=65630160&typedoc=R
[251/9804] https://base-donnees-publique.medicaments.gouv.fr/affichageDoc.php?specid=63040606&typedoc=R
[1506/9804] https://base-donnees-publique.medicaments.gouv.fr/affichageDoc.php?specid=68288833&typedoc=R
[252/9804] https://base-donnees-publique.medicaments.gouv.fr/affichageDoc.php?specid=69955824&typedoc=R
[1507/9804] https://base-donnees-publique.medicaments.gouv.fr/affichageDoc.php?specid=69636132&typedoc=R
[253/9804] https://base-donnees-publique.medicaments.gouv.fr/affichageDoc.php?specid=61902232&typedoc=R
[1508/9804] https://base-donnees-publique.medicaments.gouv.fr/affichageDoc.php?specid=62187140&typedoc=R
[254/9804] https://base-donnees-publique.medicaments.gouv.fr/affichageDoc.php?specid=63498500&typedoc=R
[1509/9804] https://base-donnees-publique.medicaments.gouv.fr/affichageDoc.php?specid=66977349&typedoc=R
[1510/9804] https://base-donnees-publique.medicaments.gouv.fr/affichageDoc.php?specid=60852495&typedoc=R
[255/9804] https://base-donnees-publique.medicaments.gouv.fr/affichageDoc.php?specid=61054685&typedoc=R
[1511/9804] https://base-donnees-publique.medicaments.gouv.fr/affichageDoc.php?specid=63018531&typedoc=R
[256/9804] https://base-donnees-publique.medicaments.gouv.fr/affichageDoc.php?specid=67316525&typedoc=R
[1512/9804] https://base-donnees-publique.medicaments.gouv.fr/affichageDoc.php?specid=63038758&typedoc=R
[1513/9804] https://base-donnees-publique.medicaments.gouv.fr/affichageDoc.php?specid=61396087&typedoc=R
[257/9804] https://base-donnees-publique.medicaments.gouv.fr/affichageDoc.php?specid=64700855&typedoc=R
[258/9804] https://base-donnees-publique.medicaments.gouv.fr/affichageDoc.php?specid=68821893&typedoc=R
[259/9804] https://base-donnees-publique.medicaments.gouv.fr/affichageDoc.php?specid=64920036&typedoc=R
[260/9804] https://base-donnees-publique.medicaments.gouv.fr/affichageDoc.php?specid=68080800&typedoc=R
[261/9804] https://base-donnees-publique.medicaments.gouv.fr/affichageDoc.php?specid=60833559&typedoc=R
[262/9804] https://base-donnees-publique.medicaments.gouv.fr/affichageDoc.php?specid=60007960&typedoc=R
[263/9804] https://base-donnees-publique.medicaments.gouv.fr/affichageDoc.php?specid=66768488&typedoc=R
[264/9804] https://base-donnees-publique.medicaments.gouv.fr/affichageDoc.php?specid=64798333&typedoc=R
[265/9804] https://base-donnees-publique.medicaments.gouv.fr/affichageDoc.php?specid=69718024&typedoc=R
[266/9804] https://base-donnees-publique.medicaments.gouv.fr/affichageDoc.php?specid=65359652&typedoc=R
[267/9804] https://base-donnees-publique.medicaments.gouv.fr/affichageDoc.php?specid=62525777&typedoc=R
[268/9804] https://base-donnees-publique.medicaments.gouv.fr/affichageDoc.php?specid=66766366&typedoc=R
[269/9804] https://base-donnees-publique.medicaments.gouv.fr/affichageDoc.php?specid=60456535&typedoc=R
[270/9804] https://base-donnees-publique.medicaments.gouv.fr/affichageDoc.php?specid=66086181&typedoc=R
[271/9804] https://base-donnees-publique.medicaments.gouv.fr/affichageDoc.php?specid=66782153&typedoc=R
[272/9804] https://base-donnees-publique.medicaments.gouv.fr/affichageDoc.php?specid=63631908&typedoc=R
[273/9804] https://base-donnees-publique.medicaments.gouv.fr/affichageDoc.php?specid=64367347&typedoc=R
[274/9804] https://base-donnees-publique.medicaments.gouv.fr/affichageDoc.php?specid=60568235&typedoc=R
[275/9804] https://base-donnees-publique.medicaments.gouv.fr/affichageDoc.php?specid=65812106&typedoc=R
[276/9804] https://base-donnees-publique.medicaments.gouv.fr/affichageDoc.php?specid=66967127&typedoc=R
[277/9804] https://base-donnees-publique.medicaments.gouv.fr/affichageDoc.php?specid=67960160&typedoc=R
[278/9804] https://base-donnees-publique.medicaments.gouv.fr/affichageDoc.php?specid=69227858&typedoc=R
[279/9804] https://base-donnees-publique.medicaments.gouv.fr/affichageDoc.php?specid=63124513&typedoc=R
[280/9804] https://base-donnees-publique.medicaments.gouv.fr/affichageDoc.php?specid=69347505&typedoc=R
[281/9804] https://base-donnees-publique.medicaments.gouv.fr/affichageDoc.php?specid=65378663&typedoc=R
[282/9804] https://base-donnees-publique.medicaments.gouv.fr/affichageDoc.php?specid=65386717&typedoc=R
[283/9804] https://base-donnees-publique.medicaments.gouv.fr/affichageDoc.php?specid=67853176&typedoc=R
[284/9804] https://base-donnees-publique.medicaments.gouv.fr/affichageDoc.php?specid=61329220&typedoc=R
[285/9804] https://base-donnees-publique.medicaments.gouv.fr/affichageDoc.php?specid=69724251&typedoc=R
[286/9804] https://base-donnees-publique.medicaments.gouv.fr/affichageDoc.php?specid=64565845&typedoc=R
[287/9804] https://base-donnees-publique.medicaments.gouv.fr/affichageDoc.php?specid=67368301&typedoc=R
  ❌ ERREUR: HTTPConnectionPool(host='base-donnees-publique.medicaments.gouv.fr', port=80): Max retries exceeded with url: /medicament/61396087/extrait (Caused by ConnectTimeoutError(<HTTPConnection(host='base-donnees-publique.medicaments.gouv.fr', port=80) at 0x7ff175fbfe50>, 'Connection to base-donnees-publique.medicaments.gouv.fr timed out. (connect timeout=20)'))
[288/9804] https://base-donnees-publique.medicaments.gouv.fr/affichageDoc.php?specid=68492540&typedoc=R
[1514/9804] https://base-donnees-publique.medicaments.gouv.fr/affichageDoc.php?specid=67358912&typedoc=R
[1515/9804] https://base-donnees-publique.medicaments.gouv.fr/affichageDoc.php?specid=68391527&typedoc=R
[289/9804] https://base-donnees-publique.medicaments.gouv.fr/affichageDoc.php?specid=60578560&typedoc=R
[290/9804] https://base-donnees-publique.medicaments.gouv.fr/affichageDoc.php?specid=64651319&typedoc=R
[1516/9804] https://base-donnees-publique.medicaments.gouv.fr/affichageDoc.php?specid=61677928&typedoc=R
[291/9804] https://base-donnees-publique.medicaments.gouv.fr/affichageDoc.php?specid=66086808&typedoc=R
[1517/9804] https://base-donnees-publique.medicaments.gouv.fr/affichageDoc.php?specid=69968095&typedoc=R
[292/9804] https://base-donnees-publique.medicaments.gouv.fr/affichageDoc.php?specid=63131269&typedoc=R
[1518/9804] https://base-donnees-publique.medicaments.gouv.fr/affichageDoc.php?specid=62996512&typedoc=R
[293/9804] https://base-donnees-publique.medicaments.gouv.fr/affichageDoc.php?specid=66014762&typedoc=R
[1519/9804] https://base-donnees-publique.medicaments.gouv.fr/affichageDoc.php?specid=69165716&typedoc=R
[1520/9804] https://base-donnees-publique.medicaments.gouv.fr/affichageDoc.php?specid=63547997&typedoc=R
[294/9804] https://base-donnees-publique.medicaments.gouv.fr/affichageDoc.php?specid=62237910&typedoc=R
[1521/9804] https://base-donnees-publique.medicaments.gouv.fr/affichageDoc.php?specid=61851777&typedoc=R
[295/9804] https://base-donnees-publique.medicaments.gouv.fr/affichageDoc.php?specid=65407702&typedoc=R
[1522/9804] https://base-donnees-publique.medicaments.gouv.fr/affichageDoc.php?specid=69620719&typedoc=R
[296/9804] https://base-donnees-publique.medicaments.gouv.fr/affichageDoc.php?specid=63124011&typedoc=R
[1523/9804] https://base-donnees-publique.medicaments.gouv.fr/affichageDoc.php?specid=62874405&typedoc=R
[297/9804] https://base-donnees-publique.medicaments.gouv.fr/affichageDoc.php?specid=64661847&typedoc=R
[1524/9804] https://base-donnees-publique.medicaments.gouv.fr/affichageDoc.php?specid=60210697&typedoc=R
[298/9804] https://base-donnees-publique.medicaments.gouv.fr/affichageDoc.php?specid=62626139&typedoc=R
[1525/9804] https://base-donnees-publique.medicaments.gouv.fr/affichageDoc.php?specid=61201943&typedoc=R
[299/9804] https://base-donnees-publique.medicaments.gouv.fr/affichageDoc.php?specid=60153239&typedoc=R
[1526/9804] https://base-donnees-publique.medicaments.gouv.fr/affichageDoc.php?specid=65774812&typedoc=R
[300/9804] https://base-donnees-publique.medicaments.gouv.fr/affichageDoc.php?specid=62676633&typedoc=R
[1527/9804] https://base-donnees-publique.medicaments.gouv.fr/affichageDoc.php?specid=68445462&typedoc=R
[301/9804] https://base-donnees-publique.medicaments.gouv.fr/affichageDoc.php?specid=61926913&typedoc=R
[1528/9804] https://base-donnees-publique.medicaments.gouv.fr/affichageDoc.php?specid=60258521&typedoc=R
[1529/9804] https://base-donnees-publique.medicaments.gouv.fr/affichageDoc.php?specid=64015292&typedoc=R
[302/9804] https://base-donnees-publique.medicaments.gouv.fr/affichageDoc.php?specid=66470506&typedoc=R
[1530/9804] https://base-donnees-publique.medicaments.gouv.fr/affichageDoc.php?specid=63126635&typedoc=R
[303/9804] https://base-donnees-publique.medicaments.gouv.fr/affichageDoc.php?specid=69024085&typedoc=R
[1531/9804] https://base-donnees-publique.medicaments.gouv.fr/affichageDoc.php?specid=69297657&typedoc=R
[1532/9804] https://base-donnees-publique.medicaments.gouv.fr/affichageDoc.php?specid=66609596&typedoc=R
[304/9804] https://base-donnees-publique.medicaments.gouv.fr/affichageDoc.php?specid=61609749&typedoc=R
[1533/9804] https://base-donnees-publique.medicaments.gouv.fr/affichageDoc.php?specid=61872561&typedoc=R
[305/9804] https://base-donnees-publique.medicaments.gouv.fr/affichageDoc.php?specid=69898857&typedoc=R
[1534/9804] https://base-donnees-publique.medicaments.gouv.fr/affichageDoc.php?specid=65693965&typedoc=R
[306/9804] https://base-donnees-publique.medicaments.gouv.fr/affichageDoc.php?specid=66620532&typedoc=R
[1535/9804] https://base-donnees-publique.medicaments.gouv.fr/affichageDoc.php?specid=60222137&typedoc=R
[307/9804] https://base-donnees-publique.medicaments.gouv.fr/affichageDoc.php?specid=64848430&typedoc=R
[1536/9804] https://base-donnees-publique.medicaments.gouv.fr/affichageDoc.php?specid=69129638&typedoc=R
[308/9804] https://base-donnees-publique.medicaments.gouv.fr/affichageDoc.php?specid=63622510&typedoc=R
[1537/9804] https://base-donnees-publique.medicaments.gouv.fr/affichageDoc.php?specid=60253606&typedoc=R
[309/9804] https://base-donnees-publique.medicaments.gouv.fr/affichageDoc.php?specid=67346714&typedoc=R
[1538/9804] https://base-donnees-publique.medicaments.gouv.fr/affichageDoc.php?specid=61446031&typedoc=R
[310/9804] https://base-donnees-publique.medicaments.gouv.fr/affichageDoc.php?specid=60513032&typedoc=R
[1539/9804] https://base-donnees-publique.medicaments.gouv.fr/affichageDoc.php?specid=62695078&typedoc=R
[311/9804] https://base-donnees-publique.medicaments.gouv.fr/affichageDoc.php?specid=62607587&typedoc=R
[1540/9804] https://base-donnees-publique.medicaments.gouv.fr/affichageDoc.php?specid=63090616&typedoc=R
[312/9804] https://base-donnees-publique.medicaments.gouv.fr/affichageDoc.php?specid=63143652&typedoc=R
[1541/9804] https://base-donnees-publique.medicaments.gouv.fr/affichageDoc.php?specid=61010703&typedoc=R
[313/9804] https://base-donnees-publique.medicaments.gouv.fr/affichageDoc.php?specid=67638519&typedoc=R
[1542/9804] https://base-donnees-publique.medicaments.gouv.fr/affichageDoc.php?specid=68630646&typedoc=R
[314/9804] https://base-donnees-publique.medicaments.gouv.fr/affichageDoc.php?specid=64164507&typedoc=R
[1543/9804] https://base-donnees-publique.medicaments.gouv.fr/affichageDoc.php?specid=65776902&typedoc=R
[315/9804] https://base-donnees-publique.medicaments.gouv.fr/affichageDoc.php?specid=63427414&typedoc=R
[1544/9804] https://base-donnees-publique.medicaments.gouv.fr/affichageDoc.php?specid=67856578&typedoc=R
[316/9804] https://base-donnees-publique.medicaments.gouv.fr/affichageDoc.php?specid=61558297&typedoc=R
[1545/9804] https://base-donnees-publique.medicaments.gouv.fr/affichageDoc.php?specid=66847149&typedoc=R
[317/9804] https://base-donnees-publique.medicaments.gouv.fr/affichageDoc.php?specid=69550690&typedoc=R
[1546/9804] https://base-donnees-publique.medicaments.gouv.fr/affichageDoc.php?specid=62894571&typedoc=R
[318/9804] https://base-donnees-publique.medicaments.gouv.fr/affichageDoc.php?specid=61005065&typedoc=R
[1547/9804] https://base-donnees-publique.medicaments.gouv.fr/affichageDoc.php?specid=68642132&typedoc=R
[319/9804] https://base-donnees-publique.medicaments.gouv.fr/affichageDoc.php?specid=66638701&typedoc=R
[1548/9804] https://base-donnees-publique.medicaments.gouv.fr/affichageDoc.php?specid=65694106&typedoc=R
[320/9804] https://base-donnees-publique.medicaments.gouv.fr/affichageDoc.php?specid=65291272&typedoc=R
[1549/9804] https://base-donnees-publique.medicaments.gouv.fr/affichageDoc.php?specid=65908097&typedoc=R
[321/9804] https://base-donnees-publique.medicaments.gouv.fr/affichageDoc.php?specid=67351394&typedoc=R
[322/9804] https://base-donnees-publique.medicaments.gouv.fr/affichageDoc.php?specid=66804443&typedoc=R
[1550/9804] https://base-donnees-publique.medicaments.gouv.fr/affichageDoc.php?specid=61501937&typedoc=R
[323/9804] https://base-donnees-publique.medicaments.gouv.fr/affichageDoc.php?specid=63446165&typedoc=R
[1551/9804] https://base-donnees-publique.medicaments.gouv.fr/affichageDoc.php?specid=62044434&typedoc=R
[324/9804] https://base-donnees-publique.medicaments.gouv.fr/affichageDoc.php?specid=65014058&typedoc=R
[1552/9804] https://base-donnees-publique.medicaments.gouv.fr/affichageDoc.php?specid=67283331&typedoc=R
[325/9804] https://base-donnees-publique.medicaments.gouv.fr/affichageDoc.php?specid=66725120&typedoc=R
[1553/9804] https://base-donnees-publique.medicaments.gouv.fr/affichageDoc.php?specid=66775917&typedoc=R
[326/9804] https://base-donnees-publique.medicaments.gouv.fr/affichageDoc.php?specid=68262525&typedoc=R
[1554/9804] https://base-donnees-publique.medicaments.gouv.fr/affichageDoc.php?specid=67684210&typedoc=R
[327/9804] https://base-donnees-publique.medicaments.gouv.fr/affichageDoc.php?specid=68708664&typedoc=R
[1555/9804] https://base-donnees-publique.medicaments.gouv.fr/affichageDoc.php?specid=60122628&typedoc=R
[328/9804] https://base-donnees-publique.medicaments.gouv.fr/affichageDoc.php?specid=60596010&typedoc=R
[1556/9804] https://base-donnees-publique.medicaments.gouv.fr/affichageDoc.php?specid=61642119&typedoc=R
[329/9804] https://base-donnees-publique.medicaments.gouv.fr/affichageDoc.php?specid=69456091&typedoc=R
[330/9804] https://base-donnees-publique.medicaments.gouv.fr/affichageDoc.php?specid=67111171&typedoc=R
[1557/9804] https://base-donnees-publique.medicaments.gouv.fr/affichageDoc.php?specid=63470636&typedoc=R
[331/9804] https://base-donnees-publique.medicaments.gouv.fr/affichageDoc.php?specid=67399275&typedoc=R
[1558/9804] https://base-donnees-publique.medicaments.gouv.fr/affichageDoc.php?specid=69233067&typedoc=R
[1559/9804] https://base-donnees-publique.medicaments.gouv.fr/affichageDoc.php?specid=61858743&typedoc=R
[332/9804] https://base-donnees-publique.medicaments.gouv.fr/affichageDoc.php?specid=68576006&typedoc=R
[1560/9804] https://base-donnees-publique.medicaments.gouv.fr/affichageDoc.php?specid=66298152&typedoc=R
[333/9804] https://base-donnees-publique.medicaments.gouv.fr/affichageDoc.php?specid=68320252&typedoc=R
[1561/9804] https://base-donnees-publique.medicaments.gouv.fr/affichageDoc.php?specid=60670980&typedoc=R
[334/9804] https://base-donnees-publique.medicaments.gouv.fr/affichageDoc.php?specid=62674422&typedoc=R
[1562/9804] https://base-donnees-publique.medicaments.gouv.fr/affichageDoc.php?specid=61511543&typedoc=R
[335/9804] https://base-donnees-publique.medicaments.gouv.fr/affichageDoc.php?specid=67794532&typedoc=R
[336/9804] https://base-donnees-publique.medicaments.gouv.fr/affichageDoc.php?specid=63056731&typedoc=R
[1563/9804] https://base-donnees-publique.medicaments.gouv.fr/affichageDoc.php?specid=65285180&typedoc=R
[337/9804] https://base-donnees-publique.medicaments.gouv.fr/affichageDoc.php?specid=66603383&typedoc=R
[1564/9804] https://base-donnees-publique.medicaments.gouv.fr/affichageDoc.php?specid=62929435&typedoc=R
[338/9804] https://base-donnees-publique.medicaments.gouv.fr/affichageDoc.php?specid=69354407&typedoc=R
[339/9804] https://base-donnees-publique.medicaments.gouv.fr/affichageDoc.php?specid=69235513&typedoc=R
[340/9804] https://base-donnees-publique.medicaments.gouv.fr/affichageDoc.php?specid=67353961&typedoc=R
[1565/9804] https://base-donnees-publique.medicaments.gouv.fr/affichageDoc.php?specid=69594377&typedoc=R
[1566/9804] https://base-donnees-publique.medicaments.gouv.fr/affichageDoc.php?specid=66329046&typedoc=R
[341/9804] https://base-donnees-publique.medicaments.gouv.fr/affichageDoc.php?specid=61473085&typedoc=R
[342/9804] https://base-donnees-publique.medicaments.gouv.fr/affichageDoc.php?specid=68810441&typedoc=R
[1567/9804] https://base-donnees-publique.medicaments.gouv.fr/affichageDoc.php?specid=66751688&typedoc=R
[343/9804] https://base-donnees-publique.medicaments.gouv.fr/affichageDoc.php?specid=67728742&typedoc=R
[1568/9804] https://base-donnees-publique.medicaments.gouv.fr/affichageDoc.php?specid=60927706&typedoc=R
[344/9804] https://base-donnees-publique.medicaments.gouv.fr/affichageDoc.php?specid=60208251&typedoc=R
[1569/9804] https://base-donnees-publique.medicaments.gouv.fr/affichageDoc.php?specid=64358070&typedoc=R
[345/9804] https://base-donnees-publique.medicaments.gouv.fr/affichageDoc.php?specid=66363543&typedoc=R
[1570/9804] https://base-donnees-publique.medicaments.gouv.fr/affichageDoc.php?specid=62679533&typedoc=R
[346/9804] https://base-donnees-publique.medicaments.gouv.fr/affichageDoc.php?specid=65670322&typedoc=R
[1571/9804] https://base-donnees-publique.medicaments.gouv.fr/affichageDoc.php?specid=64387008&typedoc=R
[347/9804] https://base-donnees-publique.medicaments.gouv.fr/affichageDoc.php?specid=62194918&typedoc=R
[1572/9804] https://base-donnees-publique.medicaments.gouv.fr/affichageDoc.php?specid=64941386&typedoc=R
[348/9804] https://base-donnees-publique.medicaments.gouv.fr/affichageDoc.php?specid=63278098&typedoc=R
[1573/9804] https://base-donnees-publique.medicaments.gouv.fr/affichageDoc.php?specid=66444664&typedoc=R
[349/9804] https://base-donnees-publique.medicaments.gouv.fr/affichageDoc.php?specid=60120709&typedoc=R
[1574/9804] https://base-donnees-publique.medicaments.gouv.fr/affichageDoc.php?specid=67351070&typedoc=R
[350/9804] https://base-donnees-publique.medicaments.gouv.fr/affichageDoc.php?specid=63215258&typedoc=R
[1575/9804] https://base-donnees-publique.medicaments.gouv.fr/affichageDoc.php?specid=63511759&typedoc=R
[351/9804] https://base-donnees-publique.medicaments.gouv.fr/affichageDoc.php?specid=61664126&typedoc=R
[1576/9804] https://base-donnees-publique.medicaments.gouv.fr/affichageDoc.php?specid=67467872&typedoc=R
[352/9804] https://base-donnees-publique.medicaments.gouv.fr/affichageDoc.php?specid=63026574&typedoc=R
[1577/9804] https://base-donnees-publique.medicaments.gouv.fr/affichageDoc.php?specid=63224079&typedoc=R
[353/9804] https://base-donnees-publique.medicaments.gouv.fr/affichageDoc.php?specid=66000321&typedoc=R
[1578/9804] https://base-donnees-publique.medicaments.gouv.fr/affichageDoc.php?specid=69962142&typedoc=R
[354/9804] https://base-donnees-publique.medicaments.gouv.fr/affichageDoc.php?specid=62311307&typedoc=R
[1579/9804] https://base-donnees-publique.medicaments.gouv.fr/affichageDoc.php?specid=68155046&typedoc=R
[355/9804] https://base-donnees-publique.medicaments.gouv.fr/affichageDoc.php?specid=61461179&typedoc=R
[1580/9804] https://base-donnees-publique.medicaments.gouv.fr/affichageDoc.php?specid=69509672&typedoc=R
[356/9804] https://base-donnees-publique.medicaments.gouv.fr/affichageDoc.php?specid=64308320&typedoc=R
[1581/9804] https://base-donnees-publique.medicaments.gouv.fr/affichageDoc.php?specid=64107495&typedoc=R
[357/9804] https://base-donnees-publique.medicaments.gouv.fr/affichageDoc.php?specid=61060033&typedoc=R
[358/9804] https://base-donnees-publique.medicaments.gouv.fr/affichageDoc.php?specid=68822550&typedoc=R
[1582/9804] https://base-donnees-publique.medicaments.gouv.fr/affichageDoc.php?specid=60754738&typedoc=R
[1583/9804] https://base-donnees-publique.medicaments.gouv.fr/affichageDoc.php?specid=62184169&typedoc=R
[359/9804] https://base-donnees-publique.medicaments.gouv.fr/affichageDoc.php?specid=65936584&typedoc=R
[1584/9804] https://base-donnees-publique.medicaments.gouv.fr/affichageDoc.php?specid=66740581&typedoc=R
[360/9804] https://base-donnees-publique.medicaments.gouv.fr/affichageDoc.php?specid=69497348&typedoc=R
[1585/9804] https://base-donnees-publique.medicaments.gouv.fr/affichageDoc.php?specid=61928896&typedoc=R
[361/9804] https://base-donnees-publique.medicaments.gouv.fr/affichageDoc.php?specid=63564808&typedoc=R
[1586/9804] https://base-donnees-publique.medicaments.gouv.fr/affichageDoc.php?specid=68396894&typedoc=R
[362/9804] https://base-donnees-publique.medicaments.gouv.fr/affichageDoc.php?specid=64165648&typedoc=R
[363/9804] https://base-donnees-publique.medicaments.gouv.fr/affichageDoc.php?specid=64099244&typedoc=R
[1587/9804] https://base-donnees-publique.medicaments.gouv.fr/affichageDoc.php?specid=65576937&typedoc=R
[364/9804] https://base-donnees-publique.medicaments.gouv.fr/affichageDoc.php?specid=65724460&typedoc=R
[1588/9804] https://base-donnees-publique.medicaments.gouv.fr/affichageDoc.php?specid=66787378&typedoc=R
[365/9804] https://base-donnees-publique.medicaments.gouv.fr/affichageDoc.php?specid=68877714&typedoc=R
[1589/9804] https://base-donnees-publique.medicaments.gouv.fr/affichageDoc.php?specid=69309586&typedoc=R
[366/9804] https://base-donnees-publique.medicaments.gouv.fr/affichageDoc.php?specid=68878773&typedoc=R
[1590/9804] https://base-donnees-publique.medicaments.gouv.fr/affichageDoc.php?specid=68504747&typedoc=R
[367/9804] https://base-donnees-publique.medicaments.gouv.fr/affichageDoc.php?specid=65959736&typedoc=R
[368/9804] https://base-donnees-publique.medicaments.gouv.fr/affichageDoc.php?specid=65840148&typedoc=R
[1591/9804] https://base-donnees-publique.medicaments.gouv.fr/affichageDoc.php?specid=60855281&typedoc=R
[369/9804] https://base-donnees-publique.medicaments.gouv.fr/affichageDoc.php?specid=65572846&typedoc=R
[1592/9804] https://base-donnees-publique.medicaments.gouv.fr/affichageDoc.php?specid=66315178&typedoc=R
[370/9804] https://base-donnees-publique.medicaments.gouv.fr/affichageDoc.php?specid=60880110&typedoc=R
[1593/9804] https://base-donnees-publique.medicaments.gouv.fr/affichageDoc.php?specid=63677631&typedoc=R
[371/9804] https://base-donnees-publique.medicaments.gouv.fr/affichageDoc.php?specid=62725176&typedoc=R
[1594/9804] https://base-donnees-publique.medicaments.gouv.fr/affichageDoc.php?specid=66194303&typedoc=R
[372/9804] https://base-donnees-publique.medicaments.gouv.fr/affichageDoc.php?specid=69301899&typedoc=R
[1595/9804] https://base-donnees-publique.medicaments.gouv.fr/affichageDoc.php?specid=60981426&typedoc=R
[373/9804] https://base-donnees-publique.medicaments.gouv.fr/affichageDoc.php?specid=62744504&typedoc=R
[1596/9804] https://base-donnees-publique.medicaments.gouv.fr/affichageDoc.php?specid=66525995&typedoc=R
[374/9804] https://base-donnees-publique.medicaments.gouv.fr/affichageDoc.php?specid=60994733&typedoc=R
[1597/9804] https://base-donnees-publique.medicaments.gouv.fr/affichageDoc.php?specid=60512090&typedoc=R
[375/9804] https://base-donnees-publique.medicaments.gouv.fr/affichageDoc.php?specid=69250554&typedoc=R
[1598/9804] https://base-donnees-publique.medicaments.gouv.fr/affichageDoc.php?specid=66617034&typedoc=R
[376/9804] https://base-donnees-publique.medicaments.gouv.fr/affichageDoc.php?specid=65068102&typedoc=R
[377/9804] https://base-donnees-publique.medicaments.gouv.fr/affichageDoc.php?specid=68346293&typedoc=R
[1599/9804] https://base-donnees-publique.medicaments.gouv.fr/affichageDoc.php?specid=64822802&typedoc=R
[1600/9804] https://base-donnees-publique.medicaments.gouv.fr/affichageDoc.php?specid=69519524&typedoc=R
[378/9804] https://base-donnees-publique.medicaments.gouv.fr/affichageDoc.php?specid=66862795&typedoc=R
[1601/9804] https://base-donnees-publique.medicaments.gouv.fr/affichageDoc.php?specid=67501673&typedoc=R
[379/9804] https://base-donnees-publique.medicaments.gouv.fr/affichageDoc.php?specid=69602201&typedoc=R
[1602/9804] https://base-donnees-publique.medicaments.gouv.fr/affichageDoc.php?specid=69346798&typedoc=R
[380/9804] https://base-donnees-publique.medicaments.gouv.fr/affichageDoc.php?specid=68451230&typedoc=R
[381/9804] https://base-donnees-publique.medicaments.gouv.fr/affichageDoc.php?specid=65317895&typedoc=R
[1603/9804] https://base-donnees-publique.medicaments.gouv.fr/affichageDoc.php?specid=60885214&typedoc=R
[382/9804] https://base-donnees-publique.medicaments.gouv.fr/affichageDoc.php?specid=64275767&typedoc=R
[1604/9804] https://base-donnees-publique.medicaments.gouv.fr/affichageDoc.php?specid=69381219&typedoc=R
[383/9804] https://base-donnees-publique.medicaments.gouv.fr/affichageDoc.php?specid=63372551&typedoc=R
[1605/9804] https://base-donnees-publique.medicaments.gouv.fr/affichageDoc.php?specid=60643976&typedoc=R
[384/9804] https://base-donnees-publique.medicaments.gouv.fr/affichageDoc.php?specid=66925605&typedoc=R
[1606/9804] https://base-donnees-publique.medicaments.gouv.fr/affichageDoc.php?specid=61872390&typedoc=R
[385/9804] https://base-donnees-publique.medicaments.gouv.fr/affichageDoc.php?specid=68808515&typedoc=R
[1607/9804] https://base-donnees-publique.medicaments.gouv.fr/affichageDoc.php?specid=65614989&typedoc=R
[386/9804] https://base-donnees-publique.medicaments.gouv.fr/affichageDoc.php?specid=61736700&typedoc=R
[1608/9804] https://base-donnees-publique.medicaments.gouv.fr/affichageDoc.php?specid=61974317&typedoc=R
[387/9804] https://base-donnees-publique.medicaments.gouv.fr/affichageDoc.php?specid=65589692&typedoc=R
[1609/9804] https://base-donnees-publique.medicaments.gouv.fr/affichageDoc.php?specid=60406856&typedoc=R
[388/9804] https://base-donnees-publique.medicaments.gouv.fr/affichageDoc.php?specid=61346771&typedoc=R
[1610/9804] https://base-donnees-publique.medicaments.gouv.fr/affichageDoc.php?specid=63611923&typedoc=R
[389/9804] https://base-donnees-publique.medicaments.gouv.fr/affichageDoc.php?specid=65868763&typedoc=R
[1611/9804] https://base-donnees-publique.medicaments.gouv.fr/affichageDoc.php?specid=61673260&typedoc=R
[390/9804] https://base-donnees-publique.medicaments.gouv.fr/affichageDoc.php?specid=68461089&typedoc=R
[391/9804] https://base-donnees-publique.medicaments.gouv.fr/affichageDoc.php?specid=65585384&typedoc=R
[1612/9804] https://base-donnees-publique.medicaments.gouv.fr/affichageDoc.php?specid=65248246&typedoc=R
[392/9804] https://base-donnees-publique.medicaments.gouv.fr/affichageDoc.php?specid=64189720&typedoc=R
[393/9804] https://base-donnees-publique.medicaments.gouv.fr/affichageDoc.php?specid=68318486&typedoc=R
[1613/9804] https://base-donnees-publique.medicaments.gouv.fr/affichageDoc.php?specid=61174695&typedoc=R
[394/9804] https://base-donnees-publique.medicaments.gouv.fr/affichageDoc.php?specid=66184743&typedoc=R
[1614/9804] https://base-donnees-publique.medicaments.gouv.fr/affichageDoc.php?specid=69139187&typedoc=R
[395/9804] https://base-donnees-publique.medicaments.gouv.fr/affichageDoc.php?specid=66829489&typedoc=R
[396/9804] https://base-donnees-publique.medicaments.gouv.fr/affichageDoc.php?specid=63113171&typedoc=R
[1615/9804] https://base-donnees-publique.medicaments.gouv.fr/affichageDoc.php?specid=69475597&typedoc=R
[397/9804] https://base-donnees-publique.medicaments.gouv.fr/affichageDoc.php?specid=68425029&typedoc=R
[1616/9804] https://base-donnees-publique.medicaments.gouv.fr/affichageDoc.php?specid=69087947&typedoc=R
[398/9804] https://base-donnees-publique.medicaments.gouv.fr/affichageDoc.php?specid=67446077&typedoc=R
[399/9804] https://base-donnees-publique.medicaments.gouv.fr/affichageDoc.php?specid=61200859&typedoc=R
[1617/9804] https://base-donnees-publique.medicaments.gouv.fr/affichageDoc.php?specid=62990833&typedoc=R
[400/9804] https://base-donnees-publique.medicaments.gouv.fr/affichageDoc.php?specid=60377803&typedoc=R
[1618/9804] https://base-donnees-publique.medicaments.gouv.fr/affichageDoc.php?specid=65982788&typedoc=R
[401/9804] https://base-donnees-publique.medicaments.gouv.fr/affichageDoc.php?specid=63143645&typedoc=R
[402/9804] https://base-donnees-publique.medicaments.gouv.fr/affichageDoc.php?specid=67904496&typedoc=R
[1619/9804] https://base-donnees-publique.medicaments.gouv.fr/affichageDoc.php?specid=60044987&typedoc=R
[403/9804] https://base-donnees-publique.medicaments.gouv.fr/affichageDoc.php?specid=65991463&typedoc=R
[1620/9804] https://base-donnees-publique.medicaments.gouv.fr/affichageDoc.php?specid=69309579&typedoc=R
[404/9804] https://base-donnees-publique.medicaments.gouv.fr/affichageDoc.php?specid=69537839&typedoc=R
[1621/9804] https://base-donnees-publique.medicaments.gouv.fr/affichageDoc.php?specid=64933293&typedoc=R
[405/9804] https://base-donnees-publique.medicaments.gouv.fr/affichageDoc.php?specid=65806466&typedoc=R
[406/9804] https://base-donnees-publique.medicaments.gouv.fr/affichageDoc.php?specid=62597926&typedoc=R
[1622/9804] https://base-donnees-publique.medicaments.gouv.fr/affichageDoc.php?specid=61090375&typedoc=R
[407/9804] https://base-donnees-publique.medicaments.gouv.fr/affichageDoc.php?specid=67581317&typedoc=R
[1623/9804] https://base-donnees-publique.medicaments.gouv.fr/affichageDoc.php?specid=68170799&typedoc=R
[408/9804] https://base-donnees-publique.medicaments.gouv.fr/affichageDoc.php?specid=67169242&typedoc=R
[1624/9804] https://base-donnees-publique.medicaments.gouv.fr/affichageDoc.php?specid=64801263&typedoc=R
[1625/9804] https://base-donnees-publique.medicaments.gouv.fr/affichageDoc.php?specid=67318234&typedoc=R
[409/9804] https://base-donnees-publique.medicaments.gouv.fr/affichageDoc.php?specid=63791663&typedoc=R
[1626/9804] https://base-donnees-publique.medicaments.gouv.fr/affichageDoc.php?specid=61665915&typedoc=R
[410/9804] https://base-donnees-publique.medicaments.gouv.fr/affichageDoc.php?specid=61048216&typedoc=R
[1627/9804] https://base-donnees-publique.medicaments.gouv.fr/affichageDoc.php?specid=68080825&typedoc=R
[411/9804] https://base-donnees-publique.medicaments.gouv.fr/affichageDoc.php?specid=66793356&typedoc=R
[1628/9804] https://base-donnees-publique.medicaments.gouv.fr/affichageDoc.php?specid=60214350&typedoc=R
[1629/9804] https://base-donnees-publique.medicaments.gouv.fr/affichageDoc.php?specid=69283419&typedoc=R
[412/9804] https://base-donnees-publique.medicaments.gouv.fr/affichageDoc.php?specid=66052179&typedoc=R
[1630/9804] https://base-donnees-publique.medicaments.gouv.fr/affichageDoc.php?specid=68762516&typedoc=R
[413/9804] https://base-donnees-publique.medicaments.gouv.fr/affichageDoc.php?specid=63599556&typedoc=R
[1631/9804] https://base-donnees-publique.medicaments.gouv.fr/affichageDoc.php?specid=62526313&typedoc=R
[414/9804] https://base-donnees-publique.medicaments.gouv.fr/affichageDoc.php?specid=61975465&typedoc=R
[1632/9804] https://base-donnees-publique.medicaments.gouv.fr/affichageDoc.php?specid=63516425&typedoc=R
[415/9804] https://base-donnees-publique.medicaments.gouv.fr/affichageDoc.php?specid=60275467&typedoc=R
[1633/9804] https://base-donnees-publique.medicaments.gouv.fr/affichageDoc.php?specid=69027277&typedoc=R
[416/9804] https://base-donnees-publique.medicaments.gouv.fr/affichageDoc.php?specid=63286611&typedoc=R
[1634/9804] https://base-donnees-publique.medicaments.gouv.fr/affichageDoc.php?specid=65476666&typedoc=R
[417/9804] https://base-donnees-publique.medicaments.gouv.fr/affichageDoc.php?specid=67749124&typedoc=R
[1635/9804] https://base-donnees-publique.medicaments.gouv.fr/affichageDoc.php?specid=65883338&typedoc=R
[418/9804] https://base-donnees-publique.medicaments.gouv.fr/affichageDoc.php?specid=68016452&typedoc=R
[1636/9804] https://base-donnees-publique.medicaments.gouv.fr/affichageDoc.php?specid=61547468&typedoc=R
[419/9804] https://base-donnees-publique.medicaments.gouv.fr/affichageDoc.php?specid=65672298&typedoc=R
[1637/9804] https://base-donnees-publique.medicaments.gouv.fr/affichageDoc.php?specid=66857620&typedoc=R
[420/9804] https://base-donnees-publique.medicaments.gouv.fr/affichageDoc.php?specid=66509845&typedoc=R
[1638/9804] https://base-donnees-publique.medicaments.gouv.fr/affichageDoc.php?specid=68795345&typedoc=R
[421/9804] https://base-donnees-publique.medicaments.gouv.fr/affichageDoc.php?specid=63933319&typedoc=R
[1639/9804] https://base-donnees-publique.medicaments.gouv.fr/affichageDoc.php?specid=64895394&typedoc=R
[1640/9804] https://base-donnees-publique.medicaments.gouv.fr/affichageDoc.php?specid=68727180&typedoc=R
[422/9804] https://base-donnees-publique.medicaments.gouv.fr/affichageDoc.php?specid=64130608&typedoc=R
[423/9804] https://base-donnees-publique.medicaments.gouv.fr/affichageDoc.php?specid=69506459&typedoc=R
[1641/9804] https://base-donnees-publique.medicaments.gouv.fr/affichageDoc.php?specid=65282490&typedoc=R
[424/9804] https://base-donnees-publique.medicaments.gouv.fr/affichageDoc.php?specid=65988645&typedoc=R
[1642/9804] https://base-donnees-publique.medicaments.gouv.fr/affichageDoc.php?specid=65004968&typedoc=R
[425/9804] https://base-donnees-publique.medicaments.gouv.fr/affichageDoc.php?specid=65035230&typedoc=R
[1643/9804] https://base-donnees-publique.medicaments.gouv.fr/affichageDoc.php?specid=63314886&typedoc=R
[1644/9804] https://base-donnees-publique.medicaments.gouv.fr/affichageDoc.php?specid=68775531&typedoc=R
[426/9804] https://base-donnees-publique.medicaments.gouv.fr/affichageDoc.php?specid=68887103&typedoc=R
[1645/9804] https://base-donnees-publique.medicaments.gouv.fr/affichageDoc.php?specid=63690162&typedoc=R
[427/9804] https://base-donnees-publique.medicaments.gouv.fr/affichageDoc.php?specid=65964911&typedoc=R
[1646/9804] https://base-donnees-publique.medicaments.gouv.fr/affichageDoc.php?specid=63183351&typedoc=R
[428/9804] https://base-donnees-publique.medicaments.gouv.fr/affichageDoc.php?specid=67494588&typedoc=R
[1647/9804] https://base-donnees-publique.medicaments.gouv.fr/affichageDoc.php?specid=66781076&typedoc=R
[429/9804] https://base-donnees-publique.medicaments.gouv.fr/affichageDoc.php?specid=68721786&typedoc=R
[1648/9804] https://base-donnees-publique.medicaments.gouv.fr/affichageDoc.php?specid=64597818&typedoc=R
[430/9804] https://base-donnees-publique.medicaments.gouv.fr/affichageDoc.php?specid=60085553&typedoc=R
[1649/9804] https://base-donnees-publique.medicaments.gouv.fr/affichageDoc.php?specid=67424846&typedoc=R
[1650/9804] https://base-donnees-publique.medicaments.gouv.fr/affichageDoc.php?specid=64024124&typedoc=R
[431/9804] https://base-donnees-publique.medicaments.gouv.fr/affichageDoc.php?specid=64414291&typedoc=R
[1651/9804] https://base-donnees-publique.medicaments.gouv.fr/affichageDoc.php?specid=68123098&typedoc=R
[432/9804] https://base-donnees-publique.medicaments.gouv.fr/affichageDoc.php?specid=68371574&typedoc=R
[1652/9804] https://base-donnees-publique.medicaments.gouv.fr/affichageDoc.php?specid=64671866&typedoc=R
[1653/9804] https://base-donnees-publique.medicaments.gouv.fr/affichageDoc.php?specid=69806289&typedoc=R
[433/9804] https://base-donnees-publique.medicaments.gouv.fr/affichageDoc.php?specid=61380528&typedoc=R
[434/9804] https://base-donnees-publique.medicaments.gouv.fr/affichageDoc.php?specid=68049089&typedoc=R
[1654/9804] https://base-donnees-publique.medicaments.gouv.fr/affichageDoc.php?specid=68040364&typedoc=R
[435/9804] https://base-donnees-publique.medicaments.gouv.fr/affichageDoc.php?specid=61494243&typedoc=R
[1655/9804] https://base-donnees-publique.medicaments.gouv.fr/affichageDoc.php?specid=64863635&typedoc=R
[436/9804] https://base-donnees-publique.medicaments.gouv.fr/affichageDoc.php?specid=61243903&typedoc=R
[1656/9804] https://base-donnees-publique.medicaments.gouv.fr/affichageDoc.php?specid=64357132&typedoc=R
[437/9804] https://base-donnees-publique.medicaments.gouv.fr/affichageDoc.php?specid=69585360&typedoc=R
[1657/9804] https://base-donnees-publique.medicaments.gouv.fr/affichageDoc.php?specid=65899367&typedoc=R
[438/9804] https://base-donnees-publique.medicaments.gouv.fr/affichageDoc.php?specid=61119492&typedoc=R
[1658/9804] https://base-donnees-publique.medicaments.gouv.fr/affichageDoc.php?specid=61269645&typedoc=R
[439/9804] https://base-donnees-publique.medicaments.gouv.fr/affichageDoc.php?specid=68809994&typedoc=R
[1659/9804] https://base-donnees-publique.medicaments.gouv.fr/affichageDoc.php?specid=69067841&typedoc=R
[440/9804] https://base-donnees-publique.medicaments.gouv.fr/affichageDoc.php?specid=62516778&typedoc=R
[1660/9804] https://base-donnees-publique.medicaments.gouv.fr/affichageDoc.php?specid=66150794&typedoc=R
[1661/9804] https://base-donnees-publique.medicaments.gouv.fr/affichageDoc.php?specid=65676955&typedoc=R
[441/9804] https://base-donnees-publique.medicaments.gouv.fr/affichageDoc.php?specid=62048906&typedoc=R
[1662/9804] https://base-donnees-publique.medicaments.gouv.fr/affichageDoc.php?specid=69671343&typedoc=R
[442/9804] https://base-donnees-publique.medicaments.gouv.fr/affichageDoc.php?specid=62000612&typedoc=R
[1663/9804] https://base-donnees-publique.medicaments.gouv.fr/affichageDoc.php?specid=61224739&typedoc=R
[443/9804] https://base-donnees-publique.medicaments.gouv.fr/affichageDoc.php?specid=68502148&typedoc=R
[1664/9804] https://base-donnees-publique.medicaments.gouv.fr/affichageDoc.php?specid=67885195&typedoc=R
[444/9804] https://base-donnees-publique.medicaments.gouv.fr/affichageDoc.php?specid=68045361&typedoc=R
[1665/9804] https://base-donnees-publique.medicaments.gouv.fr/affichageDoc.php?specid=67300325&typedoc=R
[1666/9804] https://base-donnees-publique.medicaments.gouv.fr/affichageDoc.php?specid=63162282&typedoc=R
[445/9804] https://base-donnees-publique.medicaments.gouv.fr/affichageDoc.php?specid=66286011&typedoc=R
[1667/9804] https://base-donnees-publique.medicaments.gouv.fr/affichageDoc.php?specid=66351548&typedoc=R
[446/9804] https://base-donnees-publique.medicaments.gouv.fr/affichageDoc.php?specid=66067708&typedoc=R
[1668/9804] https://base-donnees-publique.medicaments.gouv.fr/affichageDoc.php?specid=60077574&typedoc=R
[447/9804] https://base-donnees-publique.medicaments.gouv.fr/affichageDoc.php?specid=69586398&typedoc=R
[1669/9804] https://base-donnees-publique.medicaments.gouv.fr/affichageDoc.php?specid=66279248&typedoc=R
[448/9804] https://base-donnees-publique.medicaments.gouv.fr/affichageDoc.php?specid=67972077&typedoc=R
[1670/9804] https://base-donnees-publique.medicaments.gouv.fr/affichageDoc.php?specid=69269647&typedoc=R
[1671/9804] https://base-donnees-publique.medicaments.gouv.fr/affichageDoc.php?specid=69860842&typedoc=R
[449/9804] https://base-donnees-publique.medicaments.gouv.fr/affichageDoc.php?specid=62947013&typedoc=R
[1672/9804] https://base-donnees-publique.medicaments.gouv.fr/affichageDoc.php?specid=65155767&typedoc=R
[450/9804] https://base-donnees-publique.medicaments.gouv.fr/affichageDoc.php?specid=63183821&typedoc=R
[1673/9804] https://base-donnees-publique.medicaments.gouv.fr/affichageDoc.php?specid=67199506&typedoc=R
[451/9804] https://base-donnees-publique.medicaments.gouv.fr/affichageDoc.php?specid=64743130&typedoc=R
[1674/9804] https://base-donnees-publique.medicaments.gouv.fr/affichageDoc.php?specid=61447165&typedoc=R
[452/9804] https://base-donnees-publique.medicaments.gouv.fr/affichageDoc.php?specid=61960303&typedoc=R
[453/9804] https://base-donnees-publique.medicaments.gouv.fr/affichageDoc.php?specid=69667989&typedoc=R
[1675/9804] https://base-donnees-publique.medicaments.gouv.fr/affichageDoc.php?specid=65940166&typedoc=R
[454/9804] https://base-donnees-publique.medicaments.gouv.fr/affichageDoc.php?specid=69364999&typedoc=R
[1676/9804] https://base-donnees-publique.medicaments.gouv.fr/affichageDoc.php?specid=69715754&typedoc=R
[455/9804] https://base-donnees-publique.medicaments.gouv.fr/affichageDoc.php?specid=61270633&typedoc=R
[1677/9804] https://base-donnees-publique.medicaments.gouv.fr/affichageDoc.php?specid=61438732&typedoc=R
[456/9804] https://base-donnees-publique.medicaments.gouv.fr/affichageDoc.php?specid=67745624&typedoc=R
[1678/9804] https://base-donnees-publique.medicaments.gouv.fr/affichageDoc.php?specid=65751500&typedoc=R
[457/9804] https://base-donnees-publique.medicaments.gouv.fr/affichageDoc.php?specid=65865831&typedoc=R
[1679/9804] https://base-donnees-publique.medicaments.gouv.fr/affichageDoc.php?specid=63153582&typedoc=R
[1680/9804] https://base-donnees-publique.medicaments.gouv.fr/affichageDoc.php?specid=68365525&typedoc=R
[458/9804] https://base-donnees-publique.medicaments.gouv.fr/affichageDoc.php?specid=64820751&typedoc=R
[1681/9804] https://base-donnees-publique.medicaments.gouv.fr/affichageDoc.php?specid=64341893&typedoc=R
[459/9804] https://base-donnees-publique.medicaments.gouv.fr/affichageDoc.php?specid=60177044&typedoc=R
[1682/9804] https://base-donnees-publique.medicaments.gouv.fr/affichageDoc.php?specid=69261892&typedoc=R
[460/9804] https://base-donnees-publique.medicaments.gouv.fr/affichageDoc.php?specid=60932824&typedoc=R
[1683/9804] https://base-donnees-publique.medicaments.gouv.fr/affichageDoc.php?specid=66751955&typedoc=R
[461/9804] https://base-donnees-publique.medicaments.gouv.fr/affichageDoc.php?specid=60441622&typedoc=R
[1684/9804] https://base-donnees-publique.medicaments.gouv.fr/affichageDoc.php?specid=63185466&typedoc=R[462/9804] https://base-donnees-publique.medicaments.gouv.fr/affichageDoc.php?specid=62703614&typedoc=R

[1685/9804] https://base-donnees-publique.medicaments.gouv.fr/affichageDoc.php?specid=68530585&typedoc=R
[463/9804] https://base-donnees-publique.medicaments.gouv.fr/affichageDoc.php?specid=63527336&typedoc=R
[1686/9804] https://base-donnees-publique.medicaments.gouv.fr/affichageDoc.php?specid=61068966&typedoc=R
[464/9804] https://base-donnees-publique.medicaments.gouv.fr/affichageDoc.php?specid=67781613&typedoc=R
[1687/9804] https://base-donnees-publique.medicaments.gouv.fr/affichageDoc.php?specid=66300735&typedoc=R
[465/9804] https://base-donnees-publique.medicaments.gouv.fr/affichageDoc.php?specid=60726849&typedoc=R
[1688/9804] https://base-donnees-publique.medicaments.gouv.fr/affichageDoc.php?specid=68802188&typedoc=R
[466/9804] https://base-donnees-publique.medicaments.gouv.fr/affichageDoc.php?specid=69802682&typedoc=R
[467/9804] https://base-donnees-publique.medicaments.gouv.fr/affichageDoc.php?specid=65708666&typedoc=R
[1689/9804] https://base-donnees-publique.medicaments.gouv.fr/affichageDoc.php?specid=67162792&typedoc=R
[468/9804] https://base-donnees-publique.medicaments.gouv.fr/affichageDoc.php?specid=66153235&typedoc=R
[1690/9804] https://base-donnees-publique.medicaments.gouv.fr/affichageDoc.php?specid=68375366&typedoc=R
[469/9804] https://base-donnees-publique.medicaments.gouv.fr/affichageDoc.php?specid=62968840&typedoc=R
[470/9804] https://base-donnees-publique.medicaments.gouv.fr/affichageDoc.php?specid=63724643&typedoc=R
[1691/9804] https://base-donnees-publique.medicaments.gouv.fr/affichageDoc.php?specid=63302898&typedoc=R
[471/9804] https://base-donnees-publique.medicaments.gouv.fr/affichageDoc.php?specid=68135556&typedoc=R
[472/9804] https://base-donnees-publique.medicaments.gouv.fr/affichageDoc.php?specid=67396934&typedoc=R
[1692/9804] https://base-donnees-publique.medicaments.gouv.fr/affichageDoc.php?specid=63365158&typedoc=R
[473/9804] https://base-donnees-publique.medicaments.gouv.fr/affichageDoc.php?specid=60517664&typedoc=R
[1693/9804] https://base-donnees-publique.medicaments.gouv.fr/affichageDoc.php?specid=64688100&typedoc=R
[474/9804] https://base-donnees-publique.medicaments.gouv.fr/affichageDoc.php?specid=61782861&typedoc=R
[475/9804] https://base-donnees-publique.medicaments.gouv.fr/affichageDoc.php?specid=65315136&typedoc=R
[1694/9804] https://base-donnees-publique.medicaments.gouv.fr/affichageDoc.php?specid=61639048&typedoc=R
[476/9804] https://base-donnees-publique.medicaments.gouv.fr/affichageDoc.php?specid=61591023&typedoc=R
[477/9804] https://base-donnees-publique.medicaments.gouv.fr/affichageDoc.php?specid=62158911&typedoc=R
[1695/9804] https://base-donnees-publique.medicaments.gouv.fr/affichageDoc.php?specid=63608400&typedoc=R
[478/9804] https://base-donnees-publique.medicaments.gouv.fr/affichageDoc.php?specid=61484459&typedoc=R
[1696/9804] https://base-donnees-publique.medicaments.gouv.fr/affichageDoc.php?specid=62753777&typedoc=R
[479/9804] https://base-donnees-publique.medicaments.gouv.fr/affichageDoc.php?specid=63490375&typedoc=R
[1697/9804] https://base-donnees-publique.medicaments.gouv.fr/affichageDoc.php?specid=64109927&typedoc=R
[480/9804] https://base-donnees-publique.medicaments.gouv.fr/affichageDoc.php?specid=67781741&typedoc=R
[1698/9804] https://base-donnees-publique.medicaments.gouv.fr/affichageDoc.php?specid=64363338&typedoc=R
[481/9804] https://base-donnees-publique.medicaments.gouv.fr/affichageDoc.php?specid=60600156&typedoc=R
[1699/9804] https://base-donnees-publique.medicaments.gouv.fr/affichageDoc.php?specid=61045978&typedoc=R
[482/9804] https://base-donnees-publique.medicaments.gouv.fr/affichageDoc.php?specid=62932591&typedoc=R
[1700/9804] https://base-donnees-publique.medicaments.gouv.fr/affichageDoc.php?specid=64203045&typedoc=R
[483/9804] https://base-donnees-publique.medicaments.gouv.fr/affichageDoc.php?specid=64479008&typedoc=R
[1701/9804] https://base-donnees-publique.medicaments.gouv.fr/affichageDoc.php?specid=62997144&typedoc=R
[484/9804] https://base-donnees-publique.medicaments.gouv.fr/affichageDoc.php?specid=68777767&typedoc=R
[485/9804] https://base-donnees-publique.medicaments.gouv.fr/affichageDoc.php?specid=69622809&typedoc=R
[1702/9804] https://base-donnees-publique.medicaments.gouv.fr/affichageDoc.php?specid=66334926&typedoc=R
[486/9804] https://base-donnees-publique.medicaments.gouv.fr/affichageDoc.php?specid=62042102&typedoc=R
[1703/9804] https://base-donnees-publique.medicaments.gouv.fr/affichageDoc.php?specid=69855425&typedoc=R
[487/9804] https://base-donnees-publique.medicaments.gouv.fr/affichageDoc.php?specid=62514791&typedoc=R
[1704/9804] https://base-donnees-publique.medicaments.gouv.fr/affichageDoc.php?specid=66512407&typedoc=R
[488/9804] https://base-donnees-publique.medicaments.gouv.fr/affichageDoc.php?specid=66340498&typedoc=R
[1705/9804] https://base-donnees-publique.medicaments.gouv.fr/affichageDoc.php?specid=68474364&typedoc=R
[489/9804] https://base-donnees-publique.medicaments.gouv.fr/affichageDoc.php?specid=68158195&typedoc=R
[1706/9804] https://base-donnees-publique.medicaments.gouv.fr/affichageDoc.php?specid=63812043&typedoc=R
[490/9804] https://base-donnees-publique.medicaments.gouv.fr/affichageDoc.php?specid=65728601&typedoc=R
[1707/9804] https://base-donnees-publique.medicaments.gouv.fr/affichageDoc.php?specid=60016308&typedoc=R
[1708/9804] https://base-donnees-publique.medicaments.gouv.fr/affichageDoc.php?specid=63476315&typedoc=R
[491/9804] https://base-donnees-publique.medicaments.gouv.fr/affichageDoc.php?specid=64891741&typedoc=R
[492/9804] https://base-donnees-publique.medicaments.gouv.fr/affichageDoc.php?specid=69735867&typedoc=R
[1709/9804] https://base-donnees-publique.medicaments.gouv.fr/affichageDoc.php?specid=67949737&typedoc=R
[493/9804] https://base-donnees-publique.medicaments.gouv.fr/affichageDoc.php?specid=69923011&typedoc=R
[1710/9804] https://base-donnees-publique.medicaments.gouv.fr/affichageDoc.php?specid=62517531&typedoc=R
[494/9804] https://base-donnees-publique.medicaments.gouv.fr/affichageDoc.php?specid=63811710&typedoc=R
[1711/9804] https://base-donnees-publique.medicaments.gouv.fr/affichageDoc.php?specid=68718338&typedoc=R
[495/9804] https://base-donnees-publique.medicaments.gouv.fr/affichageDoc.php?specid=68688222&typedoc=R
[1712/9804] https://base-donnees-publique.medicaments.gouv.fr/affichageDoc.php?specid=65358970&typedoc=R
[1713/9804] https://base-donnees-publique.medicaments.gouv.fr/affichageDoc.php?specid=64960760&typedoc=R
[496/9804] https://base-donnees-publique.medicaments.gouv.fr/affichageDoc.php?specid=68329212&typedoc=R
[1714/9804] https://base-donnees-publique.medicaments.gouv.fr/affichageDoc.php?specid=64566502&typedoc=R
[497/9804] https://base-donnees-publique.medicaments.gouv.fr/affichageDoc.php?specid=68096904&typedoc=R
[1715/9804] https://base-donnees-publique.medicaments.gouv.fr/affichageDoc.php?specid=66400785&typedoc=R
[498/9804] https://base-donnees-publique.medicaments.gouv.fr/affichageDoc.php?specid=65681660&typedoc=R
[1716/9804] https://base-donnees-publique.medicaments.gouv.fr/affichageDoc.php?specid=60140010&typedoc=R
[499/9804] https://base-donnees-publique.medicaments.gouv.fr/affichageDoc.php?specid=65556347&typedoc=R
[1717/9804] https://base-donnees-publique.medicaments.gouv.fr/affichageDoc.php?specid=63197689&typedoc=R
[500/9804] https://base-donnees-publique.medicaments.gouv.fr/affichageDoc.php?specid=65157330&typedoc=R
[1718/9804] https://base-donnees-publique.medicaments.gouv.fr/affichageDoc.php?specid=66869238&typedoc=R
[501/9804] https://base-donnees-publique.medicaments.gouv.fr/affichageDoc.php?specid=69066650&typedoc=R
[1719/9804] https://base-donnees-publique.medicaments.gouv.fr/affichageDoc.php?specid=67108093&typedoc=R
[502/9804] https://base-donnees-publique.medicaments.gouv.fr/affichageDoc.php?specid=68653367&typedoc=R
[1720/9804] https://base-donnees-publique.medicaments.gouv.fr/affichageDoc.php?specid=62080334&typedoc=R
[503/9804] https://base-donnees-publique.medicaments.gouv.fr/affichageDoc.php?specid=63657486&typedoc=R
[1721/9804] https://base-donnees-publique.medicaments.gouv.fr/affichageDoc.php?specid=69919835&typedoc=R
[504/9804] https://base-donnees-publique.medicaments.gouv.fr/affichageDoc.php?specid=65254879&typedoc=R
[1722/9804] https://base-donnees-publique.medicaments.gouv.fr/affichageDoc.php?specid=61215042&typedoc=R
[505/9804] https://base-donnees-publique.medicaments.gouv.fr/affichageDoc.php?specid=63436445&typedoc=R
[1723/9804] https://base-donnees-publique.medicaments.gouv.fr/affichageDoc.php?specid=65658213&typedoc=R
[506/9804] https://base-donnees-publique.medicaments.gouv.fr/affichageDoc.php?specid=62204255&typedoc=R
[1724/9804] https://base-donnees-publique.medicaments.gouv.fr/affichageDoc.php?specid=68678872&typedoc=R
[507/9804] https://base-donnees-publique.medicaments.gouv.fr/affichageDoc.php?specid=62920265&typedoc=R
[508/9804] https://base-donnees-publique.medicaments.gouv.fr/affichageDoc.php?specid=69586423&typedoc=R
[1725/9804] https://base-donnees-publique.medicaments.gouv.fr/affichageDoc.php?specid=64256681&typedoc=R
[509/9804] https://base-donnees-publique.medicaments.gouv.fr/affichageDoc.php?specid=68500357&typedoc=R
[1726/9804] https://base-donnees-publique.medicaments.gouv.fr/affichageDoc.php?specid=65613168&typedoc=R
[510/9804] https://base-donnees-publique.medicaments.gouv.fr/affichageDoc.php?specid=63566442&typedoc=R
[1727/9804] https://base-donnees-publique.medicaments.gouv.fr/affichageDoc.php?specid=68594342&typedoc=R
[511/9804] https://base-donnees-publique.medicaments.gouv.fr/affichageDoc.php?specid=60352006&typedoc=R
[1728/9804] https://base-donnees-publique.medicaments.gouv.fr/affichageDoc.php?specid=62307903&typedoc=R
[512/9804] https://base-donnees-publique.medicaments.gouv.fr/affichageDoc.php?specid=63723107&typedoc=R
[1729/9804] https://base-donnees-publique.medicaments.gouv.fr/affichageDoc.php?specid=69497729&typedoc=R
[1730/9804] https://base-donnees-publique.medicaments.gouv.fr/affichageDoc.php?specid=67184116&typedoc=R
[513/9804] https://base-donnees-publique.medicaments.gouv.fr/affichageDoc.php?specid=64731377&typedoc=R
[1731/9804] https://base-donnees-publique.medicaments.gouv.fr/affichageDoc.php?specid=64161831&typedoc=R
[514/9804] https://base-donnees-publique.medicaments.gouv.fr/affichageDoc.php?specid=68806628&typedoc=R
[1732/9804] https://base-donnees-publique.medicaments.gouv.fr/affichageDoc.php?specid=68411271&typedoc=R
[1733/9804] https://base-donnees-publique.medicaments.gouv.fr/affichageDoc.php?specid=65849318&typedoc=R
[515/9804] https://base-donnees-publique.medicaments.gouv.fr/affichageDoc.php?specid=60478097&typedoc=R
[1734/9804] https://base-donnees-publique.medicaments.gouv.fr/affichageDoc.php?specid=62069124&typedoc=R
[516/9804] https://base-donnees-publique.medicaments.gouv.fr/affichageDoc.php?specid=64535318&typedoc=R
[1735/9804] https://base-donnees-publique.medicaments.gouv.fr/affichageDoc.php?specid=61535074&typedoc=R
[1736/9804] https://base-donnees-publique.medicaments.gouv.fr/affichageDoc.php?specid=61964091&typedoc=R
[517/9804] https://base-donnees-publique.medicaments.gouv.fr/affichageDoc.php?specid=69473009&typedoc=R
[1737/9804] https://base-donnees-publique.medicaments.gouv.fr/affichageDoc.php?specid=64822656&typedoc=R
[518/9804] https://base-donnees-publique.medicaments.gouv.fr/affichageDoc.php?specid=64727471&typedoc=R
[1738/9804] https://base-donnees-publique.medicaments.gouv.fr/affichageDoc.php?specid=66119133&typedoc=R
[1739/9804] https://base-donnees-publique.medicaments.gouv.fr/affichageDoc.php?specid=60759938&typedoc=R
[519/9804] https://base-donnees-publique.medicaments.gouv.fr/affichageDoc.php?specid=61556563&typedoc=R[1740/9804] https://base-donnees-publique.medicaments.gouv.fr/affichageDoc.php?specid=69258056&typedoc=R

[1741/9804] https://base-donnees-publique.medicaments.gouv.fr/affichageDoc.php?specid=67089141&typedoc=R
[520/9804] https://base-donnees-publique.medicaments.gouv.fr/affichageDoc.php?specid=64389621&typedoc=R
[1742/9804] https://base-donnees-publique.medicaments.gouv.fr/affichageDoc.php?specid=61242331&typedoc=R
[521/9804] https://base-donnees-publique.medicaments.gouv.fr/affichageDoc.php?specid=68278216&typedoc=R
[1743/9804] https://base-donnees-publique.medicaments.gouv.fr/affichageDoc.php?specid=67948546&typedoc=R
[1744/9804] https://base-donnees-publique.medicaments.gouv.fr/affichageDoc.php?specid=64339173&typedoc=R
[522/9804] https://base-donnees-publique.medicaments.gouv.fr/affichageDoc.php?specid=61740296&typedoc=R
[1745/9804] https://base-donnees-publique.medicaments.gouv.fr/affichageDoc.php?specid=69343268&typedoc=R
[523/9804] https://base-donnees-publique.medicaments.gouv.fr/affichageDoc.php?specid=63303822&typedoc=R
[1746/9804] https://base-donnees-publique.medicaments.gouv.fr/affichageDoc.php?specid=65372571&typedoc=R
[524/9804] https://base-donnees-publique.medicaments.gouv.fr/affichageDoc.php?specid=63133028&typedoc=R
[1747/9804] https://base-donnees-publique.medicaments.gouv.fr/affichageDoc.php?specid=64348044&typedoc=R
[525/9804] https://base-donnees-publique.medicaments.gouv.fr/affichageDoc.php?specid=61074385&typedoc=R
[1748/9804] https://base-donnees-publique.medicaments.gouv.fr/affichageDoc.php?specid=61957549&typedoc=R
[1749/9804] https://base-donnees-publique.medicaments.gouv.fr/affichageDoc.php?specid=69701039&typedoc=R
[526/9804] https://base-donnees-publique.medicaments.gouv.fr/affichageDoc.php?specid=64930906&typedoc=R
[1750/9804] https://base-donnees-publique.medicaments.gouv.fr/affichageDoc.php?specid=62202966&typedoc=R
[527/9804] https://base-donnees-publique.medicaments.gouv.fr/affichageDoc.php?specid=64065904&typedoc=R
[1751/9804] https://base-donnees-publique.medicaments.gouv.fr/affichageDoc.php?specid=68016662&typedoc=R
[528/9804] https://base-donnees-publique.medicaments.gouv.fr/affichageDoc.php?specid=69786534&typedoc=R
[1752/9804] https://base-donnees-publique.medicaments.gouv.fr/affichageDoc.php?specid=64381603&typedoc=R
[529/9804] https://base-donnees-publique.medicaments.gouv.fr/affichageDoc.php?specid=61007874&typedoc=R
[1753/9804] https://base-donnees-publique.medicaments.gouv.fr/affichageDoc.php?specid=69013007&typedoc=R
[530/9804] https://base-donnees-publique.medicaments.gouv.fr/affichageDoc.php?specid=60037380&typedoc=R
[1754/9804] https://base-donnees-publique.medicaments.gouv.fr/affichageDoc.php?specid=61110397&typedoc=R
[531/9804] https://base-donnees-publique.medicaments.gouv.fr/affichageDoc.php?specid=62126664&typedoc=R
[1755/9804] https://base-donnees-publique.medicaments.gouv.fr/affichageDoc.php?specid=65002725&typedoc=R
[532/9804] https://base-donnees-publique.medicaments.gouv.fr/affichageDoc.php?specid=65265651&typedoc=R
[1756/9804] https://base-donnees-publique.medicaments.gouv.fr/affichageDoc.php?specid=68804495&typedoc=R
[1757/9804] https://base-donnees-publique.medicaments.gouv.fr/affichageDoc.php?specid=64821860&typedoc=R
[533/9804] https://base-donnees-publique.medicaments.gouv.fr/affichageDoc.php?specid=67818129&typedoc=R
[1758/9804] https://base-donnees-publique.medicaments.gouv.fr/affichageDoc.php?specid=67490967&typedoc=R
[534/9804] https://base-donnees-publique.medicaments.gouv.fr/affichageDoc.php?specid=62302938&typedoc=R
[1759/9804] https://base-donnees-publique.medicaments.gouv.fr/affichageDoc.php?specid=63309743&typedoc=R
[1760/9804] https://base-donnees-publique.medicaments.gouv.fr/affichageDoc.php?specid=68809147&typedoc=R
[535/9804] https://base-donnees-publique.medicaments.gouv.fr/affichageDoc.php?specid=68925283&typedoc=R
[1761/9804] https://base-donnees-publique.medicaments.gouv.fr/affichageDoc.php?specid=69100387&typedoc=R
[536/9804] https://base-donnees-publique.medicaments.gouv.fr/affichageDoc.php?specid=69498681&typedoc=R
[1762/9804] https://base-donnees-publique.medicaments.gouv.fr/affichageDoc.php?specid=64076815&typedoc=R
[537/9804] https://base-donnees-publique.medicaments.gouv.fr/affichageDoc.php?specid=69930924&typedoc=R
[1763/9804] https://base-donnees-publique.medicaments.gouv.fr/affichageDoc.php?specid=69410877&typedoc=R
[1764/9804] https://base-donnees-publique.medicaments.gouv.fr/affichageDoc.php?specid=69995637&typedoc=R
[1765/9804] https://base-donnees-publique.medicaments.gouv.fr/affichageDoc.php?specid=62217516&typedoc=R
[1766/9804] https://base-donnees-publique.medicaments.gouv.fr/affichageDoc.php?specid=68400129&typedoc=R
[1767/9804] https://base-donnees-publique.medicaments.gouv.fr/affichageDoc.php?specid=68252641&typedoc=R
[1768/9804] https://base-donnees-publique.medicaments.gouv.fr/affichageDoc.php?specid=60386439&typedoc=R
[1769/9804] https://base-donnees-publique.medicaments.gouv.fr/affichageDoc.php?specid=62501705&typedoc=R
[1770/9804] https://base-donnees-publique.medicaments.gouv.fr/affichageDoc.php?specid=63754202&typedoc=R
[1771/9804] https://base-donnees-publique.medicaments.gouv.fr/affichageDoc.php?specid=65424833&typedoc=R
[1772/9804] https://base-donnees-publique.medicaments.gouv.fr/affichageDoc.php?specid=65053285&typedoc=R
[1773/9804] https://base-donnees-publique.medicaments.gouv.fr/affichageDoc.php?specid=69743305&typedoc=R
[1774/9804] https://base-donnees-publique.medicaments.gouv.fr/affichageDoc.php?specid=62177527&typedoc=R
[1775/9804] https://base-donnees-publique.medicaments.gouv.fr/affichageDoc.php?specid=69084488&typedoc=R
[1776/9804] https://base-donnees-publique.medicaments.gouv.fr/affichageDoc.php?specid=67355243&typedoc=R
[1777/9804] https://base-donnees-publique.medicaments.gouv.fr/affichageDoc.php?specid=60329598&typedoc=R
[1778/9804] https://base-donnees-publique.medicaments.gouv.fr/affichageDoc.php?specid=67932983&typedoc=R
[1779/9804] https://base-donnees-publique.medicaments.gouv.fr/affichageDoc.php?specid=63459312&typedoc=R
[1780/9804] https://base-donnees-publique.medicaments.gouv.fr/affichageDoc.php?specid=64586017&typedoc=R
[1781/9804] https://base-donnees-publique.medicaments.gouv.fr/affichageDoc.php?specid=68497014&typedoc=R
[1782/9804] https://base-donnees-publique.medicaments.gouv.fr/affichageDoc.php?specid=62348800&typedoc=R
[538/9804] https://base-donnees-publique.medicaments.gouv.fr/affichageDoc.php?specid=66171532&typedoc=R
[1783/9804] https://base-donnees-publique.medicaments.gouv.fr/affichageDoc.php?specid=63104628&typedoc=R
[539/9804] https://base-donnees-publique.medicaments.gouv.fr/affichageDoc.php?specid=66024831&typedoc=R
[1784/9804] https://base-donnees-publique.medicaments.gouv.fr/affichageDoc.php?specid=63643038&typedoc=R
[540/9804] https://base-donnees-publique.medicaments.gouv.fr/affichageDoc.php?specid=64957465&typedoc=R
[1785/9804] https://base-donnees-publique.medicaments.gouv.fr/affichageDoc.php?specid=69170898&typedoc=R
[1786/9804] https://base-donnees-publique.medicaments.gouv.fr/affichageDoc.php?specid=67817899&typedoc=R
[541/9804] https://base-donnees-publique.medicaments.gouv.fr/affichageDoc.php?specid=68307397&typedoc=R
[1787/9804] https://base-donnees-publique.medicaments.gouv.fr/affichageDoc.php?specid=67939013&typedoc=R
[542/9804] https://base-donnees-publique.medicaments.gouv.fr/affichageDoc.php?specid=66593028&typedoc=R
[1788/9804] https://base-donnees-publique.medicaments.gouv.fr/affichageDoc.php?specid=68951100&typedoc=R
[1789/9804] https://base-donnees-publique.medicaments.gouv.fr/affichageDoc.php?specid=68474866&typedoc=R
[543/9804] https://base-donnees-publique.medicaments.gouv.fr/affichageDoc.php?specid=63621013&typedoc=R
[1790/9804] https://base-donnees-publique.medicaments.gouv.fr/affichageDoc.php?specid=61228659&typedoc=R
[544/9804] https://base-donnees-publique.medicaments.gouv.fr/affichageDoc.php?specid=61939921&typedoc=R
[1791/9804] https://base-donnees-publique.medicaments.gouv.fr/affichageDoc.php?specid=64384688&typedoc=R
[545/9804] https://base-donnees-publique.medicaments.gouv.fr/affichageDoc.php?specid=63458349&typedoc=R
[1792/9804] https://base-donnees-publique.medicaments.gouv.fr/affichageDoc.php?specid=63386914&typedoc=R
[546/9804] https://base-donnees-publique.medicaments.gouv.fr/affichageDoc.php?specid=68805138&typedoc=R
[1793/9804] https://base-donnees-publique.medicaments.gouv.fr/affichageDoc.php?specid=64318859&typedoc=R
[547/9804] https://base-donnees-publique.medicaments.gouv.fr/affichageDoc.php?specid=69373521&typedoc=R
[1794/9804] https://base-donnees-publique.medicaments.gouv.fr/affichageDoc.php?specid=60360608&typedoc=R
[548/9804] https://base-donnees-publique.medicaments.gouv.fr/affichageDoc.php?specid=65413922&typedoc=R
[1795/9804] https://base-donnees-publique.medicaments.gouv.fr/affichageDoc.php?specid=63483217&typedoc=R
[549/9804] https://base-donnees-publique.medicaments.gouv.fr/affichageDoc.php?specid=63976352&typedoc=R
[550/9804] https://base-donnees-publique.medicaments.gouv.fr/affichageDoc.php?specid=60952951&typedoc=R
[551/9804] https://base-donnees-publique.medicaments.gouv.fr/affichageDoc.php?specid=63496175&typedoc=R
[1796/9804] https://base-donnees-publique.medicaments.gouv.fr/affichageDoc.php?specid=60550493&typedoc=R
[552/9804] https://base-donnees-publique.medicaments.gouv.fr/affichageDoc.php?specid=63167404&typedoc=R
[553/9804] https://base-donnees-publique.medicaments.gouv.fr/affichageDoc.php?specid=69023631&typedoc=R
[1797/9804] https://base-donnees-publique.medicaments.gouv.fr/affichageDoc.php?specid=68796073&typedoc=R
[554/9804] https://base-donnees-publique.medicaments.gouv.fr/affichageDoc.php?specid=67034369&typedoc=R
[555/9804] https://base-donnees-publique.medicaments.gouv.fr/affichageDoc.php?specid=69244163&typedoc=R
[1798/9804] https://base-donnees-publique.medicaments.gouv.fr/affichageDoc.php?specid=67734097&typedoc=R
[556/9804] https://base-donnees-publique.medicaments.gouv.fr/affichageDoc.php?specid=69520003&typedoc=R
[1799/9804] https://base-donnees-publique.medicaments.gouv.fr/affichageDoc.php?specid=61432067&typedoc=R
[557/9804] https://base-donnees-publique.medicaments.gouv.fr/affichageDoc.php?specid=62534712&typedoc=R
[558/9804] https://base-donnees-publique.medicaments.gouv.fr/affichageDoc.php?specid=66292968&typedoc=R
[1800/9804] https://base-donnees-publique.medicaments.gouv.fr/affichageDoc.php?specid=61039384&typedoc=R
[559/9804] https://base-donnees-publique.medicaments.gouv.fr/affichageDoc.php?specid=69756142&typedoc=R
[560/9804] https://base-donnees-publique.medicaments.gouv.fr/affichageDoc.php?specid=65816567&typedoc=R
[1801/9804] https://base-donnees-publique.medicaments.gouv.fr/affichageDoc.php?specid=62412936&typedoc=R
[561/9804] https://base-donnees-publique.medicaments.gouv.fr/affichageDoc.php?specid=65541548&typedoc=R
[1802/9804] https://base-donnees-publique.medicaments.gouv.fr/affichageDoc.php?specid=66064046&typedoc=R
[562/9804] https://base-donnees-publique.medicaments.gouv.fr/affichageDoc.php?specid=64550843&typedoc=R
[563/9804] https://base-donnees-publique.medicaments.gouv.fr/affichageDoc.php?specid=69266996&typedoc=R
[1803/9804] https://base-donnees-publique.medicaments.gouv.fr/affichageDoc.php?specid=62900184&typedoc=R
[564/9804] https://base-donnees-publique.medicaments.gouv.fr/affichageDoc.php?specid=69776892&typedoc=R
[1804/9804] https://base-donnees-publique.medicaments.gouv.fr/affichageDoc.php?specid=62676989&typedoc=R
[565/9804] https://base-donnees-publique.medicaments.gouv.fr/affichageDoc.php?specid=69033903&typedoc=R
[1805/9804] https://base-donnees-publique.medicaments.gouv.fr/affichageDoc.php?specid=62113300&typedoc=R
[566/9804] https://base-donnees-publique.medicaments.gouv.fr/affichageDoc.php?specid=61634827&typedoc=R
[1806/9804] https://base-donnees-publique.medicaments.gouv.fr/affichageDoc.php?specid=62445555&typedoc=R
[567/9804] https://base-donnees-publique.medicaments.gouv.fr/affichageDoc.php?specid=67222296&typedoc=R
[1807/9804] https://base-donnees-publique.medicaments.gouv.fr/affichageDoc.php?specid=69211366&typedoc=R
[568/9804] https://base-donnees-publique.medicaments.gouv.fr/affichageDoc.php?specid=63398425&typedoc=R
[1808/9804] https://base-donnees-publique.medicaments.gouv.fr/affichageDoc.php?specid=61901618&typedoc=R
[569/9804] https://base-donnees-publique.medicaments.gouv.fr/affichageDoc.php?specid=61462480&typedoc=R
[1809/9804] https://base-donnees-publique.medicaments.gouv.fr/affichageDoc.php?specid=68437953&typedoc=R
[570/9804] https://base-donnees-publique.medicaments.gouv.fr/affichageDoc.php?specid=60151544&typedoc=R
[1810/9804] https://base-donnees-publique.medicaments.gouv.fr/affichageDoc.php?specid=66732143&typedoc=R
[571/9804] https://base-donnees-publique.medicaments.gouv.fr/affichageDoc.php?specid=64338986&typedoc=R
[572/9804] https://base-donnees-publique.medicaments.gouv.fr/affichageDoc.php?specid=64882258&typedoc=R
[1811/9804] https://base-donnees-publique.medicaments.gouv.fr/affichageDoc.php?specid=61454487&typedoc=R
[573/9804] https://base-donnees-publique.medicaments.gouv.fr/affichageDoc.php?specid=61771313&typedoc=R
[1812/9804] https://base-donnees-publique.medicaments.gouv.fr/affichageDoc.php?specid=63841034&typedoc=R
[574/9804] https://base-donnees-publique.medicaments.gouv.fr/affichageDoc.php?specid=66773446&typedoc=R
[1813/9804] https://base-donnees-publique.medicaments.gouv.fr/affichageDoc.php?specid=64018712&typedoc=R
[575/9804] https://base-donnees-publique.medicaments.gouv.fr/affichageDoc.php?specid=66082724&typedoc=R
[1814/9804] https://base-donnees-publique.medicaments.gouv.fr/affichageDoc.php?specid=60617052&typedoc=R
[576/9804] https://base-donnees-publique.medicaments.gouv.fr/affichageDoc.php?specid=65857681&typedoc=R
[1815/9804] https://base-donnees-publique.medicaments.gouv.fr/affichageDoc.php?specid=68026724&typedoc=R
[577/9804] https://base-donnees-publique.medicaments.gouv.fr/affichageDoc.php?specid=69166540&typedoc=R
[1816/9804] https://base-donnees-publique.medicaments.gouv.fr/affichageDoc.php?specid=66151241&typedoc=R
[578/9804] https://base-donnees-publique.medicaments.gouv.fr/affichageDoc.php?specid=66916798&typedoc=R
[579/9804] https://base-donnees-publique.medicaments.gouv.fr/affichageDoc.php?specid=66511789&typedoc=R
[1817/9804] https://base-donnees-publique.medicaments.gouv.fr/affichageDoc.php?specid=61431008&typedoc=R
[580/9804] https://base-donnees-publique.medicaments.gouv.fr/affichageDoc.php?specid=60366319&typedoc=R
[1818/9804] https://base-donnees-publique.medicaments.gouv.fr/affichageDoc.php?specid=64638987&typedoc=R
[581/9804] https://base-donnees-publique.medicaments.gouv.fr/affichageDoc.php?specid=60375058&typedoc=R
[1819/9804] https://base-donnees-publique.medicaments.gouv.fr/affichageDoc.php?specid=69448326&typedoc=R
[582/9804] https://base-donnees-publique.medicaments.gouv.fr/affichageDoc.php?specid=69118175&typedoc=R
[1820/9804] https://base-donnees-publique.medicaments.gouv.fr/affichageDoc.php?specid=66803875&typedoc=R
[583/9804] https://base-donnees-publique.medicaments.gouv.fr/affichageDoc.php?specid=60453197&typedoc=R
[1821/9804] https://base-donnees-publique.medicaments.gouv.fr/affichageDoc.php?specid=64915021&typedoc=R
[584/9804] https://base-donnees-publique.medicaments.gouv.fr/affichageDoc.php?specid=69489433&typedoc=R
[585/9804] https://base-donnees-publique.medicaments.gouv.fr/affichageDoc.php?specid=64011803&typedoc=R
[1822/9804] https://base-donnees-publique.medicaments.gouv.fr/affichageDoc.php?specid=63009087&typedoc=R
[586/9804] https://base-donnees-publique.medicaments.gouv.fr/affichageDoc.php?specid=62457618&typedoc=R
[1823/9804] https://base-donnees-publique.medicaments.gouv.fr/affichageDoc.php?specid=68829580&typedoc=R
[1824/9804] https://base-donnees-publique.medicaments.gouv.fr/affichageDoc.php?specid=67616985&typedoc=R
[1825/9804] https://base-donnees-publique.medicaments.gouv.fr/affichageDoc.php?specid=68329714&typedoc=R
[587/9804] https://base-donnees-publique.medicaments.gouv.fr/affichageDoc.php?specid=68289554&typedoc=R
[1826/9804] https://base-donnees-publique.medicaments.gouv.fr/affichageDoc.php?specid=67011139&typedoc=R
[588/9804] https://base-donnees-publique.medicaments.gouv.fr/affichageDoc.php?specid=68116292&typedoc=R
[1827/9804] https://base-donnees-publique.medicaments.gouv.fr/affichageDoc.php?specid=62884513&typedoc=R
[589/9804] https://base-donnees-publique.medicaments.gouv.fr/affichageDoc.php?specid=64529639&typedoc=R
[1828/9804] https://base-donnees-publique.medicaments.gouv.fr/affichageDoc.php?specid=61493159&typedoc=R
[1829/9804] https://base-donnees-publique.medicaments.gouv.fr/affichageDoc.php?specid=65440620&typedoc=R
[590/9804] https://base-donnees-publique.medicaments.gouv.fr/affichageDoc.php?specid=62918531&typedoc=R
[1830/9804] https://base-donnees-publique.medicaments.gouv.fr/affichageDoc.php?specid=67225972&typedoc=R
[591/9804] https://base-donnees-publique.medicaments.gouv.fr/affichageDoc.php?specid=68607010&typedoc=R
[1831/9804] https://base-donnees-publique.medicaments.gouv.fr/affichageDoc.php?specid=68646885&typedoc=R
[592/9804] https://base-donnees-publique.medicaments.gouv.fr/affichageDoc.php?specid=60101406&typedoc=R
[1832/9804] https://base-donnees-publique.medicaments.gouv.fr/affichageDoc.php?specid=64629251&typedoc=R
[593/9804] https://base-donnees-publique.medicaments.gouv.fr/affichageDoc.php?specid=64999959&typedoc=R
[1833/9804] https://base-donnees-publique.medicaments.gouv.fr/affichageDoc.php?specid=68300285&typedoc=R
[594/9804] https://base-donnees-publique.medicaments.gouv.fr/affichageDoc.php?specid=69915160&typedoc=R
[1834/9804] https://base-donnees-publique.medicaments.gouv.fr/affichageDoc.php?specid=60235330&typedoc=R
[595/9804] https://base-donnees-publique.medicaments.gouv.fr/affichageDoc.php?specid=69416855&typedoc=R
[1835/9804] https://base-donnees-publique.medicaments.gouv.fr/affichageDoc.php?specid=61164690&typedoc=R
[1836/9804] https://base-donnees-publique.medicaments.gouv.fr/affichageDoc.php?specid=67389167&typedoc=R
[596/9804] https://base-donnees-publique.medicaments.gouv.fr/affichageDoc.php?specid=68021727&typedoc=R
[597/9804] https://base-donnees-publique.medicaments.gouv.fr/affichageDoc.php?specid=64672103&typedoc=R
[1837/9804] https://base-donnees-publique.medicaments.gouv.fr/affichageDoc.php?specid=62791557&typedoc=R
[598/9804] https://base-donnees-publique.medicaments.gouv.fr/affichageDoc.php?specid=65183581&typedoc=R
[1838/9804] https://base-donnees-publique.medicaments.gouv.fr/affichageDoc.php?specid=66127233&typedoc=R
[599/9804] https://base-donnees-publique.medicaments.gouv.fr/affichageDoc.php?specid=64516894&typedoc=R
[1839/9804] https://base-donnees-publique.medicaments.gouv.fr/affichageDoc.php?specid=65694469&typedoc=R
[600/9804] https://base-donnees-publique.medicaments.gouv.fr/affichageDoc.php?specid=67410088&typedoc=R
[1840/9804] https://base-donnees-publique.medicaments.gouv.fr/affichageDoc.php?specid=67082734&typedoc=R
[1841/9804] https://base-donnees-publique.medicaments.gouv.fr/affichageDoc.php?specid=68297693&typedoc=R
[601/9804] https://base-donnees-publique.medicaments.gouv.fr/affichageDoc.php?specid=69857586&typedoc=R
[1842/9804] https://base-donnees-publique.medicaments.gouv.fr/affichageDoc.php?specid=66147392&typedoc=R
[602/9804] https://base-donnees-publique.medicaments.gouv.fr/affichageDoc.php?specid=66748343&typedoc=R
[1843/9804] https://base-donnees-publique.medicaments.gouv.fr/affichageDoc.php?specid=69166063&typedoc=R
[603/9804] https://base-donnees-publique.medicaments.gouv.fr/affichageDoc.php?specid=65158724&typedoc=R
[1844/9804] https://base-donnees-publique.medicaments.gouv.fr/affichageDoc.php?specid=62818698&typedoc=R
[604/9804] https://base-donnees-publique.medicaments.gouv.fr/affichageDoc.php?specid=61850771&typedoc=R
[1845/9804] https://base-donnees-publique.medicaments.gouv.fr/affichageDoc.php?specid=65399255&typedoc=R
[605/9804] https://base-donnees-publique.medicaments.gouv.fr/affichageDoc.php?specid=65171903&typedoc=R
[1846/9804] https://base-donnees-publique.medicaments.gouv.fr/affichageDoc.php?specid=69501597&typedoc=R
[606/9804] https://base-donnees-publique.medicaments.gouv.fr/affichageDoc.php?specid=65902977&typedoc=R
[1847/9804] https://base-donnees-publique.medicaments.gouv.fr/affichageDoc.php?specid=67941295&typedoc=R
[607/9804] https://base-donnees-publique.medicaments.gouv.fr/affichageDoc.php?specid=67406937&typedoc=R
[1848/9804] https://base-donnees-publique.medicaments.gouv.fr/affichageDoc.php?specid=66169467&typedoc=R
[1849/9804] https://base-donnees-publique.medicaments.gouv.fr/affichageDoc.php?specid=64731103&typedoc=R
[608/9804] https://base-donnees-publique.medicaments.gouv.fr/affichageDoc.php?specid=64489810&typedoc=R
[1850/9804] https://base-donnees-publique.medicaments.gouv.fr/affichageDoc.php?specid=66892945&typedoc=R
[609/9804] https://base-donnees-publique.medicaments.gouv.fr/affichageDoc.php?specid=64921693&typedoc=R
[1851/9804] https://base-donnees-publique.medicaments.gouv.fr/affichageDoc.php?specid=61664368&typedoc=R
[610/9804] https://base-donnees-publique.medicaments.gouv.fr/affichageDoc.php?specid=60424338&typedoc=R
[1852/9804] https://base-donnees-publique.medicaments.gouv.fr/affichageDoc.php?specid=61101964&typedoc=R
[1853/9804] https://base-donnees-publique.medicaments.gouv.fr/affichageDoc.php?specid=67104586&typedoc=R
[611/9804] https://base-donnees-publique.medicaments.gouv.fr/affichageDoc.php?specid=67131754&typedoc=R
[1854/9804] https://base-donnees-publique.medicaments.gouv.fr/affichageDoc.php?specid=64744218&typedoc=R
[612/9804] https://base-donnees-publique.medicaments.gouv.fr/affichageDoc.php?specid=66628041&typedoc=R
[1855/9804] https://base-donnees-publique.medicaments.gouv.fr/affichageDoc.php?specid=63992335&typedoc=R
[613/9804] https://base-donnees-publique.medicaments.gouv.fr/affichageDoc.php?specid=65843571&typedoc=R
[1856/9804] https://base-donnees-publique.medicaments.gouv.fr/affichageDoc.php?specid=68952704&typedoc=R
[614/9804] https://base-donnees-publique.medicaments.gouv.fr/affichageDoc.php?specid=61690110&typedoc=R
[1857/9804] https://base-donnees-publique.medicaments.gouv.fr/affichageDoc.php?specid=66150367&typedoc=R
[615/9804] https://base-donnees-publique.medicaments.gouv.fr/affichageDoc.php?specid=61096912&typedoc=R
[616/9804] https://base-donnees-publique.medicaments.gouv.fr/affichageDoc.php?specid=68881399&typedoc=R
[1858/9804] https://base-donnees-publique.medicaments.gouv.fr/affichageDoc.php?specid=64520316&typedoc=R
[617/9804] https://base-donnees-publique.medicaments.gouv.fr/affichageDoc.php?specid=67587238&typedoc=R
[1859/9804] https://base-donnees-publique.medicaments.gouv.fr/affichageDoc.php?specid=64306579&typedoc=R
[618/9804] https://base-donnees-publique.medicaments.gouv.fr/affichageDoc.php?specid=66626147&typedoc=R
[1860/9804] https://base-donnees-publique.medicaments.gouv.fr/affichageDoc.php?specid=62338400&typedoc=R
[619/9804] https://base-donnees-publique.medicaments.gouv.fr/affichageDoc.php?specid=63769738&typedoc=R
[1861/9804] https://base-donnees-publique.medicaments.gouv.fr/affichageDoc.php?specid=67058644&typedoc=R
[620/9804] https://base-donnees-publique.medicaments.gouv.fr/affichageDoc.php?specid=61633586&typedoc=R
[1862/9804] https://base-donnees-publique.medicaments.gouv.fr/affichageDoc.php?specid=61174898&typedoc=R
[1863/9804] https://base-donnees-publique.medicaments.gouv.fr/affichageDoc.php?specid=64610055&typedoc=R
[621/9804] https://base-donnees-publique.medicaments.gouv.fr/affichageDoc.php?specid=64727464&typedoc=R
[1864/9804] https://base-donnees-publique.medicaments.gouv.fr/affichageDoc.php?specid=64738350&typedoc=R
[1865/9804] https://base-donnees-publique.medicaments.gouv.fr/affichageDoc.php?specid=62296517&typedoc=R
[1866/9804] https://base-donnees-publique.medicaments.gouv.fr/affichageDoc.php?specid=60915522&typedoc=R
[622/9804] https://base-donnees-publique.medicaments.gouv.fr/affichageDoc.php?specid=60685523&typedoc=R
[1867/9804] https://base-donnees-publique.medicaments.gouv.fr/affichageDoc.php?specid=68840694&typedoc=R
[623/9804] https://base-donnees-publique.medicaments.gouv.fr/affichageDoc.php?specid=60099738&typedoc=R
[1868/9804] https://base-donnees-publique.medicaments.gouv.fr/affichageDoc.php?specid=66403692&typedoc=R
[624/9804] https://base-donnees-publique.medicaments.gouv.fr/affichageDoc.php?specid=64636573&typedoc=R
[1869/9804] https://base-donnees-publique.medicaments.gouv.fr/affichageDoc.php?specid=68765423&typedoc=R
[625/9804] https://base-donnees-publique.medicaments.gouv.fr/affichageDoc.php?specid=69256767&typedoc=R
[1870/9804] https://base-donnees-publique.medicaments.gouv.fr/affichageDoc.php?specid=64938536&typedoc=R
[626/9804] https://base-donnees-publique.medicaments.gouv.fr/affichageDoc.php?specid=65247087&typedoc=R
[627/9804] https://base-donnees-publique.medicaments.gouv.fr/affichageDoc.php?specid=68204269&typedoc=R
[1871/9804] https://base-donnees-publique.medicaments.gouv.fr/affichageDoc.php?specid=68052288&typedoc=R
[628/9804] https://base-donnees-publique.medicaments.gouv.fr/affichageDoc.php?specid=62027883&typedoc=R
[1872/9804] https://base-donnees-publique.medicaments.gouv.fr/affichageDoc.php?specid=68552795&typedoc=R
[629/9804] https://base-donnees-publique.medicaments.gouv.fr/affichageDoc.php?specid=60403714&typedoc=R
[1873/9804] https://base-donnees-publique.medicaments.gouv.fr/affichageDoc.php?specid=62005890&typedoc=R
[630/9804] https://base-donnees-publique.medicaments.gouv.fr/affichageDoc.php?specid=62820980&typedoc=R
[1874/9804] https://base-donnees-publique.medicaments.gouv.fr/affichageDoc.php?specid=61667994&typedoc=R
[631/9804] https://base-donnees-publique.medicaments.gouv.fr/affichageDoc.php?specid=66156950&typedoc=R
[1875/9804] https://base-donnees-publique.medicaments.gouv.fr/affichageDoc.php?specid=61685049&typedoc=R
[632/9804] https://base-donnees-publique.medicaments.gouv.fr/affichageDoc.php?specid=63435592&typedoc=R
[1876/9804] https://base-donnees-publique.medicaments.gouv.fr/affichageDoc.php?specid=68156269&typedoc=R
[633/9804] https://base-donnees-publique.medicaments.gouv.fr/affichageDoc.php?specid=61777273&typedoc=R
[1877/9804] https://base-donnees-publique.medicaments.gouv.fr/affichageDoc.php?specid=65878362&typedoc=R
[634/9804] https://base-donnees-publique.medicaments.gouv.fr/affichageDoc.php?specid=64725100&typedoc=R
[1878/9804] https://base-donnees-publique.medicaments.gouv.fr/affichageDoc.php?specid=68220145&typedoc=R
[635/9804] https://base-donnees-publique.medicaments.gouv.fr/affichageDoc.php?specid=64882703&typedoc=R
[1879/9804] https://base-donnees-publique.medicaments.gouv.fr/affichageDoc.php?specid=63094301&typedoc=R
[1880/9804] https://base-donnees-publique.medicaments.gouv.fr/affichageDoc.php?specid=66171354&typedoc=R
[636/9804] https://base-donnees-publique.medicaments.gouv.fr/affichageDoc.php?specid=62705095&typedoc=R
[1881/9804] https://base-donnees-publique.medicaments.gouv.fr/affichageDoc.php?specid=62243639&typedoc=R
[637/9804] https://base-donnees-publique.medicaments.gouv.fr/affichageDoc.php?specid=62826481&typedoc=R
[1882/9804] https://base-donnees-publique.medicaments.gouv.fr/affichageDoc.php?specid=68791304&typedoc=R
[638/9804] https://base-donnees-publique.medicaments.gouv.fr/affichageDoc.php?specid=69493182&typedoc=R
[1883/9804] https://base-donnees-publique.medicaments.gouv.fr/affichageDoc.php?specid=60821681&typedoc=R
[639/9804] https://base-donnees-publique.medicaments.gouv.fr/affichageDoc.php?specid=61119706&typedoc=R
[1884/9804] https://base-donnees-publique.medicaments.gouv.fr/affichageDoc.php?specid=65119632&typedoc=R
[1885/9804] https://base-donnees-publique.medicaments.gouv.fr/affichageDoc.php?specid=67505593&typedoc=R
[640/9804] https://base-donnees-publique.medicaments.gouv.fr/affichageDoc.php?specid=65786907&typedoc=R
[1886/9804] https://base-donnees-publique.medicaments.gouv.fr/affichageDoc.php?specid=66191976&typedoc=R
[641/9804] https://base-donnees-publique.medicaments.gouv.fr/affichageDoc.php?specid=62096413&typedoc=R
[1887/9804] https://base-donnees-publique.medicaments.gouv.fr/affichageDoc.php?specid=69976462&typedoc=R
[642/9804] https://base-donnees-publique.medicaments.gouv.fr/affichageDoc.php?specid=65324007&typedoc=R
[1888/9804] https://base-donnees-publique.medicaments.gouv.fr/affichageDoc.php?specid=67521074&typedoc=R
[1889/9804] https://base-donnees-publique.medicaments.gouv.fr/affichageDoc.php?specid=63241242&typedoc=R
[643/9804] https://base-donnees-publique.medicaments.gouv.fr/affichageDoc.php?specid=63750773&typedoc=R
[1890/9804] https://base-donnees-publique.medicaments.gouv.fr/affichageDoc.php?specid=67642040&typedoc=R
[644/9804] https://base-donnees-publique.medicaments.gouv.fr/affichageDoc.php?specid=61246828&typedoc=R
[1891/9804] https://base-donnees-publique.medicaments.gouv.fr/affichageDoc.php?specid=61926087&typedoc=R
[645/9804] https://base-donnees-publique.medicaments.gouv.fr/affichageDoc.php?specid=62949384&typedoc=R
[1892/9804] https://base-donnees-publique.medicaments.gouv.fr/affichageDoc.php?specid=60702983&typedoc=R
[646/9804] https://base-donnees-publique.medicaments.gouv.fr/affichageDoc.php?specid=69715252&typedoc=R
[1893/9804] https://base-donnees-publique.medicaments.gouv.fr/affichageDoc.php?specid=60065198&typedoc=R
[647/9804] https://base-donnees-publique.medicaments.gouv.fr/affichageDoc.php?specid=61043151&typedoc=R
[1894/9804] https://base-donnees-publique.medicaments.gouv.fr/affichageDoc.php?specid=62167084&typedoc=R
[1895/9804] https://base-donnees-publique.medicaments.gouv.fr/affichageDoc.php?specid=67802057&typedoc=R
[648/9804] https://base-donnees-publique.medicaments.gouv.fr/affichageDoc.php?specid=60998361&typedoc=R
[1896/9804] https://base-donnees-publique.medicaments.gouv.fr/affichageDoc.php?specid=66976254&typedoc=R
[649/9804] https://base-donnees-publique.medicaments.gouv.fr/affichageDoc.php?specid=60196176&typedoc=R
[1897/9804] https://base-donnees-publique.medicaments.gouv.fr/affichageDoc.php?specid=68309829&typedoc=R
[1898/9804] https://base-donnees-publique.medicaments.gouv.fr/affichageDoc.php?specid=61452187&typedoc=R
[650/9804] https://base-donnees-publique.medicaments.gouv.fr/affichageDoc.php?specid=68144249&typedoc=R
[1899/9804] https://base-donnees-publique.medicaments.gouv.fr/affichageDoc.php?specid=65487381&typedoc=R
[651/9804] https://base-donnees-publique.medicaments.gouv.fr/affichageDoc.php?specid=60556852&typedoc=R
[1900/9804] https://base-donnees-publique.medicaments.gouv.fr/affichageDoc.php?specid=64378030&typedoc=R
[652/9804] https://base-donnees-publique.medicaments.gouv.fr/affichageDoc.php?specid=63223995&typedoc=R
[1901/9804] https://base-donnees-publique.medicaments.gouv.fr/affichageDoc.php?specid=67289786&typedoc=R
[653/9804] https://base-donnees-publique.medicaments.gouv.fr/affichageDoc.php?specid=68380281&typedoc=R
[1902/9804] https://base-donnees-publique.medicaments.gouv.fr/affichageDoc.php?specid=61001031&typedoc=R
[654/9804] https://base-donnees-publique.medicaments.gouv.fr/affichageDoc.php?specid=60516765&typedoc=R
[1903/9804] https://base-donnees-publique.medicaments.gouv.fr/affichageDoc.php?specid=63177804&typedoc=R
[655/9804] https://base-donnees-publique.medicaments.gouv.fr/affichageDoc.php?specid=61198803&typedoc=R
[656/9804] https://base-donnees-publique.medicaments.gouv.fr/affichageDoc.php?specid=60928772&typedoc=R
[1904/9804] https://base-donnees-publique.medicaments.gouv.fr/affichageDoc.php?specid=64299095&typedoc=R
[657/9804] https://base-donnees-publique.medicaments.gouv.fr/affichageDoc.php?specid=66674188&typedoc=R
[658/9804] https://base-donnees-publique.medicaments.gouv.fr/affichageDoc.php?specid=68936600&typedoc=R
[1905/9804] https://base-donnees-publique.medicaments.gouv.fr/affichageDoc.php?specid=62654074&typedoc=R
[659/9804] https://base-donnees-publique.medicaments.gouv.fr/affichageDoc.php?specid=65378446&typedoc=R
[660/9804] https://base-donnees-publique.medicaments.gouv.fr/affichageDoc.php?specid=67581349&typedoc=R
[1906/9804] https://base-donnees-publique.medicaments.gouv.fr/affichageDoc.php?specid=60658711&typedoc=R
[661/9804] https://base-donnees-publique.medicaments.gouv.fr/affichageDoc.php?specid=61649487&typedoc=R
[662/9804] https://base-donnees-publique.medicaments.gouv.fr/affichageDoc.php?specid=61189366&typedoc=R
[1907/9804] https://base-donnees-publique.medicaments.gouv.fr/affichageDoc.php?specid=60298932&typedoc=R
[663/9804] https://base-donnees-publique.medicaments.gouv.fr/affichageDoc.php?specid=65374679&typedoc=R
[664/9804] https://base-donnees-publique.medicaments.gouv.fr/affichageDoc.php?specid=67886607&typedoc=R
[665/9804] https://base-donnees-publique.medicaments.gouv.fr/affichageDoc.php?specid=66166122&typedoc=R
[666/9804] https://base-donnees-publique.medicaments.gouv.fr/affichageDoc.php?specid=65179483&typedoc=R
[1908/9804] https://base-donnees-publique.medicaments.gouv.fr/affichageDoc.php?specid=62507754&typedoc=R
[667/9804] https://base-donnees-publique.medicaments.gouv.fr/affichageDoc.php?specid=64495973&typedoc=R
[668/9804] https://base-donnees-publique.medicaments.gouv.fr/affichageDoc.php?specid=69273510&typedoc=R
[669/9804] https://base-donnees-publique.medicaments.gouv.fr/affichageDoc.php?specid=69235342&typedoc=R
[1909/9804] https://base-donnees-publique.medicaments.gouv.fr/affichageDoc.php?specid=66863107&typedoc=R
[670/9804] https://base-donnees-publique.medicaments.gouv.fr/affichageDoc.php?specid=69281119&typedoc=R
[671/9804] https://base-donnees-publique.medicaments.gouv.fr/affichageDoc.php?specid=61426025&typedoc=R
[1910/9804] https://base-donnees-publique.medicaments.gouv.fr/affichageDoc.php?specid=69170503&typedoc=R
[672/9804] https://base-donnees-publique.medicaments.gouv.fr/affichageDoc.php?specid=65465716&typedoc=R
[1911/9804] https://base-donnees-publique.medicaments.gouv.fr/affichageDoc.php?specid=64248065&typedoc=R
[673/9804] https://base-donnees-publique.medicaments.gouv.fr/affichageDoc.php?specid=62015062&typedoc=R
[1912/9804] https://base-donnees-publique.medicaments.gouv.fr/affichageDoc.php?specid=64451731&typedoc=R
[674/9804] https://base-donnees-publique.medicaments.gouv.fr/affichageDoc.php?specid=66563558&typedoc=R
[1913/9804] https://base-donnees-publique.medicaments.gouv.fr/affichageDoc.php?specid=64407293&typedoc=R
[675/9804] https://base-donnees-publique.medicaments.gouv.fr/affichageDoc.php?specid=60569173&typedoc=R
[1914/9804] https://base-donnees-publique.medicaments.gouv.fr/affichageDoc.php?specid=68616842&typedoc=R
[676/9804] https://base-donnees-publique.medicaments.gouv.fr/affichageDoc.php?specid=62051172&typedoc=R
[1915/9804] https://base-donnees-publique.medicaments.gouv.fr/affichageDoc.php?specid=62005883&typedoc=R
[677/9804] https://base-donnees-publique.medicaments.gouv.fr/affichageDoc.php?specid=67098208&typedoc=R
[1916/9804] https://base-donnees-publique.medicaments.gouv.fr/affichageDoc.php?specid=66255336&typedoc=R
[678/9804] https://base-donnees-publique.medicaments.gouv.fr/affichageDoc.php?specid=69060099&typedoc=R
[1917/9804] https://base-donnees-publique.medicaments.gouv.fr/affichageDoc.php?specid=64487688&typedoc=R
[679/9804] https://base-donnees-publique.medicaments.gouv.fr/affichageDoc.php?specid=62031508&typedoc=R
[1918/9804] https://base-donnees-publique.medicaments.gouv.fr/affichageDoc.php?specid=69354916&typedoc=R
[680/9804] https://base-donnees-publique.medicaments.gouv.fr/affichageDoc.php?specid=62538162&typedoc=R
[1919/9804] https://base-donnees-publique.medicaments.gouv.fr/affichageDoc.php?specid=61665908&typedoc=R
[681/9804] https://base-donnees-publique.medicaments.gouv.fr/affichageDoc.php?specid=66223317&typedoc=R[1920/9804] https://base-donnees-publique.medicaments.gouv.fr/affichageDoc.php?specid=65361703&typedoc=R

[682/9804] https://base-donnees-publique.medicaments.gouv.fr/affichageDoc.php?specid=60002283&typedoc=R
[1921/9804] https://base-donnees-publique.medicaments.gouv.fr/affichageDoc.php?specid=63148172&typedoc=R
[683/9804] https://base-donnees-publique.medicaments.gouv.fr/affichageDoc.php?specid=69997905&typedoc=R
[1922/9804] https://base-donnees-publique.medicaments.gouv.fr/affichageDoc.php?specid=62783247&typedoc=R
[1923/9804] https://base-donnees-publique.medicaments.gouv.fr/affichageDoc.php?specid=60807297&typedoc=R
[684/9804] https://base-donnees-publique.medicaments.gouv.fr/affichageDoc.php?specid=64163818&typedoc=R
[685/9804] https://base-donnees-publique.medicaments.gouv.fr/affichageDoc.php?specid=68434537&typedoc=R
[1924/9804] https://base-donnees-publique.medicaments.gouv.fr/affichageDoc.php?specid=68892755&typedoc=R
[686/9804] https://base-donnees-publique.medicaments.gouv.fr/affichageDoc.php?specid=67354892&typedoc=R
[1925/9804] https://base-donnees-publique.medicaments.gouv.fr/affichageDoc.php?specid=63455641&typedoc=R
[687/9804] https://base-donnees-publique.medicaments.gouv.fr/affichageDoc.php?specid=67271293&typedoc=R
[1926/9804] https://base-donnees-publique.medicaments.gouv.fr/affichageDoc.php?specid=61788565&typedoc=R
[688/9804] https://base-donnees-publique.medicaments.gouv.fr/affichageDoc.php?specid=60968852&typedoc=R
[1927/9804] https://base-donnees-publique.medicaments.gouv.fr/affichageDoc.php?specid=62475527&typedoc=R
[1928/9804] https://base-donnees-publique.medicaments.gouv.fr/affichageDoc.php?specid=66283563&typedoc=R
[689/9804] https://base-donnees-publique.medicaments.gouv.fr/affichageDoc.php?specid=63568984&typedoc=R
[1929/9804] https://base-donnees-publique.medicaments.gouv.fr/affichageDoc.php?specid=64873825&typedoc=R
[690/9804] https://base-donnees-publique.medicaments.gouv.fr/affichageDoc.php?specid=63213613&typedoc=R
[1930/9804] https://base-donnees-publique.medicaments.gouv.fr/affichageDoc.php?specid=64989281&typedoc=R
[691/9804] https://base-donnees-publique.medicaments.gouv.fr/affichageDoc.php?specid=65664198&typedoc=R
[1931/9804] https://base-donnees-publique.medicaments.gouv.fr/affichageDoc.php?specid=62437067&typedoc=R
[1932/9804] https://base-donnees-publique.medicaments.gouv.fr/affichageDoc.php?specid=62394630&typedoc=R
[692/9804] https://base-donnees-publique.medicaments.gouv.fr/affichageDoc.php?specid=68900650&typedoc=R
[1933/9804] https://base-donnees-publique.medicaments.gouv.fr/affichageDoc.php?specid=62695427&typedoc=R
[693/9804] https://base-donnees-publique.medicaments.gouv.fr/affichageDoc.php?specid=62689972&typedoc=R
[1934/9804] https://base-donnees-publique.medicaments.gouv.fr/affichageDoc.php?specid=65117631&typedoc=R
[1935/9804] https://base-donnees-publique.medicaments.gouv.fr/affichageDoc.php?specid=67175398&typedoc=R
[694/9804] https://base-donnees-publique.medicaments.gouv.fr/affichageDoc.php?specid=61355076&typedoc=R
[1936/9804] https://base-donnees-publique.medicaments.gouv.fr/affichageDoc.php?specid=62003149&typedoc=R
[695/9804] https://base-donnees-publique.medicaments.gouv.fr/affichageDoc.php?specid=67160962&typedoc=R
[1937/9804] https://base-donnees-publique.medicaments.gouv.fr/affichageDoc.php?specid=66215270&typedoc=R
[1938/9804] https://base-donnees-publique.medicaments.gouv.fr/affichageDoc.php?specid=65946710&typedoc=R
[696/9804] https://base-donnees-publique.medicaments.gouv.fr/affichageDoc.php?specid=69367995&typedoc=R
[1939/9804] https://base-donnees-publique.medicaments.gouv.fr/affichageDoc.php?specid=67756752&typedoc=R
[697/9804] https://base-donnees-publique.medicaments.gouv.fr/affichageDoc.php?specid=63917756&typedoc=R
[1940/9804] https://base-donnees-publique.medicaments.gouv.fr/affichageDoc.php?specid=67954321&typedoc=R
[698/9804] https://base-donnees-publique.medicaments.gouv.fr/affichageDoc.php?specid=68758674&typedoc=R
[1941/9804] https://base-donnees-publique.medicaments.gouv.fr/affichageDoc.php?specid=61062600&typedoc=R
[1942/9804] https://base-donnees-publique.medicaments.gouv.fr/affichageDoc.php?specid=66518292&typedoc=R
[699/9804] https://base-donnees-publique.medicaments.gouv.fr/affichageDoc.php?specid=68001518&typedoc=R
[700/9804] https://base-donnees-publique.medicaments.gouv.fr/affichageDoc.php?specid=61255738&typedoc=R
[1943/9804] https://base-donnees-publique.medicaments.gouv.fr/affichageDoc.php?specid=62374058&typedoc=R
[701/9804] https://base-donnees-publique.medicaments.gouv.fr/affichageDoc.php?specid=68097237&typedoc=R
[1944/9804] https://base-donnees-publique.medicaments.gouv.fr/affichageDoc.php?specid=69537134&typedoc=R
[702/9804] https://base-donnees-publique.medicaments.gouv.fr/affichageDoc.php?specid=64205548&typedoc=R
[1945/9804] https://base-donnees-publique.medicaments.gouv.fr/affichageDoc.php?specid=61661906&typedoc=R
[1946/9804] https://base-donnees-publique.medicaments.gouv.fr/affichageDoc.php?specid=66245331&typedoc=R
[703/9804] https://base-donnees-publique.medicaments.gouv.fr/affichageDoc.php?specid=68178899&typedoc=R
[1947/9804] https://base-donnees-publique.medicaments.gouv.fr/affichageDoc.php?specid=69205370&typedoc=R
[704/9804] https://base-donnees-publique.medicaments.gouv.fr/affichageDoc.php?specid=63794766&typedoc=R
[1948/9804] https://base-donnees-publique.medicaments.gouv.fr/affichageDoc.php?specid=61743335&typedoc=R
[705/9804] https://base-donnees-publique.medicaments.gouv.fr/affichageDoc.php?specid=67056159&typedoc=R
[1949/9804] https://base-donnees-publique.medicaments.gouv.fr/affichageDoc.php?specid=68534402&typedoc=R
[706/9804] https://base-donnees-publique.medicaments.gouv.fr/affichageDoc.php?specid=68035748&typedoc=R
[707/9804] https://base-donnees-publique.medicaments.gouv.fr/affichageDoc.php?specid=60213914&typedoc=R
[708/9804] https://base-donnees-publique.medicaments.gouv.fr/affichageDoc.php?specid=67699269&typedoc=R
[1950/9804] https://base-donnees-publique.medicaments.gouv.fr/affichageDoc.php?specid=68222947&typedoc=R
[709/9804] https://base-donnees-publique.medicaments.gouv.fr/affichageDoc.php?specid=61032482&typedoc=R
[1951/9804] https://base-donnees-publique.medicaments.gouv.fr/affichageDoc.php?specid=69544246&typedoc=R
[710/9804] https://base-donnees-publique.medicaments.gouv.fr/affichageDoc.php?specid=68266388&typedoc=R
[1952/9804] https://base-donnees-publique.medicaments.gouv.fr/affichageDoc.php?specid=63722770&typedoc=R
[711/9804] https://base-donnees-publique.medicaments.gouv.fr/affichageDoc.php?specid=69488210&typedoc=R
[712/9804] https://base-donnees-publique.medicaments.gouv.fr/affichageDoc.php?specid=68082438&typedoc=R
[1953/9804] https://base-donnees-publique.medicaments.gouv.fr/affichageDoc.php?specid=64547128&typedoc=R
[713/9804] https://base-donnees-publique.medicaments.gouv.fr/affichageDoc.php?specid=66303681&typedoc=R
[1954/9804] https://base-donnees-publique.medicaments.gouv.fr/affichageDoc.php?specid=68406840&typedoc=R
[714/9804] https://base-donnees-publique.medicaments.gouv.fr/affichageDoc.php?specid=62574938&typedoc=R
[1955/9804] https://base-donnees-publique.medicaments.gouv.fr/affichageDoc.php?specid=63231675&typedoc=R
[715/9804] https://base-donnees-publique.medicaments.gouv.fr/affichageDoc.php?specid=69291896&typedoc=R
[1956/9804] https://base-donnees-publique.medicaments.gouv.fr/affichageDoc.php?specid=68574610&typedoc=R
[716/9804] https://base-donnees-publique.medicaments.gouv.fr/affichageDoc.php?specid=64684319&typedoc=R
[1957/9804] https://base-donnees-publique.medicaments.gouv.fr/affichageDoc.php?specid=61709240&typedoc=R
[717/9804] https://base-donnees-publique.medicaments.gouv.fr/affichageDoc.php?specid=66271479&typedoc=R
[1958/9804] https://base-donnees-publique.medicaments.gouv.fr/affichageDoc.php?specid=65450408&typedoc=R
[718/9804] https://base-donnees-publique.medicaments.gouv.fr/affichageDoc.php?specid=63755329&typedoc=R
[1959/9804] https://base-donnees-publique.medicaments.gouv.fr/affichageDoc.php?specid=69564537&typedoc=R
[1960/9804] https://base-donnees-publique.medicaments.gouv.fr/affichageDoc.php?specid=60529613&typedoc=R
[719/9804] https://base-donnees-publique.medicaments.gouv.fr/affichageDoc.php?specid=63881961&typedoc=R
[1961/9804] https://base-donnees-publique.medicaments.gouv.fr/affichageDoc.php?specid=68783058&typedoc=R
[720/9804] https://base-donnees-publique.medicaments.gouv.fr/affichageDoc.php?specid=65756287&typedoc=R
[1962/9804] https://base-donnees-publique.medicaments.gouv.fr/affichageDoc.php?specid=65602182&typedoc=R
[721/9804] https://base-donnees-publique.medicaments.gouv.fr/affichageDoc.php?specid=64803677&typedoc=R
[1963/9804] https://base-donnees-publique.medicaments.gouv.fr/affichageDoc.php?specid=65294293&typedoc=R
[722/9804] https://base-donnees-publique.medicaments.gouv.fr/affichageDoc.php?specid=60798567&typedoc=R
[1964/9804] https://base-donnees-publique.medicaments.gouv.fr/affichageDoc.php?specid=63091230&typedoc=R
[1965/9804] https://base-donnees-publique.medicaments.gouv.fr/affichageDoc.php?specid=68503549&typedoc=R
[723/9804] https://base-donnees-publique.medicaments.gouv.fr/affichageDoc.php?specid=64520387&typedoc=R
[1966/9804] https://base-donnees-publique.medicaments.gouv.fr/affichageDoc.php?specid=64285537&typedoc=R
[724/9804] https://base-donnees-publique.medicaments.gouv.fr/affichageDoc.php?specid=65548973&typedoc=R
[725/9804] https://base-donnees-publique.medicaments.gouv.fr/affichageDoc.php?specid=68241755&typedoc=R
[1967/9804] https://base-donnees-publique.medicaments.gouv.fr/affichageDoc.php?specid=69036269&typedoc=R
[726/9804] https://base-donnees-publique.medicaments.gouv.fr/affichageDoc.php?specid=65980246&typedoc=R
[1968/9804] https://base-donnees-publique.medicaments.gouv.fr/affichageDoc.php?specid=68874401&typedoc=R
[727/9804] https://base-donnees-publique.medicaments.gouv.fr/affichageDoc.php?specid=63759295&typedoc=R
[1969/9804] https://base-donnees-publique.medicaments.gouv.fr/affichageDoc.php?specid=61687452&typedoc=R
[728/9804] https://base-donnees-publique.medicaments.gouv.fr/affichageDoc.php?specid=60911036&typedoc=R
[1970/9804] https://base-donnees-publique.medicaments.gouv.fr/affichageDoc.php?specid=63644827&typedoc=R
[729/9804] https://base-donnees-publique.medicaments.gouv.fr/affichageDoc.php?specid=64630264&typedoc=R
[1971/9804] https://base-donnees-publique.medicaments.gouv.fr/affichageDoc.php?specid=61144346&typedoc=R
[730/9804] https://base-donnees-publique.medicaments.gouv.fr/affichageDoc.php?specid=68598209&typedoc=R
[1972/9804] https://base-donnees-publique.medicaments.gouv.fr/affichageDoc.php?specid=61610484&typedoc=R
[731/9804] https://base-donnees-publique.medicaments.gouv.fr/affichageDoc.php?specid=68518405&typedoc=R
[1973/9804] https://base-donnees-publique.medicaments.gouv.fr/affichageDoc.php?specid=63670380&typedoc=R
[732/9804] https://base-donnees-publique.medicaments.gouv.fr/affichageDoc.php?specid=63665248&typedoc=R
[1974/9804] https://base-donnees-publique.medicaments.gouv.fr/affichageDoc.php?specid=63409284&typedoc=R
[733/9804] https://base-donnees-publique.medicaments.gouv.fr/affichageDoc.php?specid=67849644&typedoc=R
[1975/9804] https://base-donnees-publique.medicaments.gouv.fr/affichageDoc.php?specid=63617367&typedoc=R
[734/9804] https://base-donnees-publique.medicaments.gouv.fr/affichageDoc.php?specid=63738842&typedoc=R
[735/9804] https://base-donnees-publique.medicaments.gouv.fr/affichageDoc.php?specid=67565882&typedoc=R
[1976/9804] https://base-donnees-publique.medicaments.gouv.fr/affichageDoc.php?specid=68022996&typedoc=R
[736/9804] https://base-donnees-publique.medicaments.gouv.fr/affichageDoc.php?specid=63439854&typedoc=R
[1977/9804] https://base-donnees-publique.medicaments.gouv.fr/affichageDoc.php?specid=69854405&typedoc=R
[1978/9804] https://base-donnees-publique.medicaments.gouv.fr/affichageDoc.php?specid=69765390&typedoc=R
[737/9804] https://base-donnees-publique.medicaments.gouv.fr/affichageDoc.php?specid=64803271&typedoc=R
[1979/9804] https://base-donnees-publique.medicaments.gouv.fr/affichageDoc.php?specid=68765170&typedoc=R
[738/9804] https://base-donnees-publique.medicaments.gouv.fr/affichageDoc.php?specid=61380670&typedoc=R
[1980/9804] https://base-donnees-publique.medicaments.gouv.fr/affichageDoc.php?specid=64783616&typedoc=R
[1981/9804] https://base-donnees-publique.medicaments.gouv.fr/affichageDoc.php?specid=65904501&typedoc=R
[739/9804] https://base-donnees-publique.medicaments.gouv.fr/affichageDoc.php?specid=65652406&typedoc=R
[1982/9804] https://base-donnees-publique.medicaments.gouv.fr/affichageDoc.php?specid=69819219&typedoc=R
[740/9804] https://base-donnees-publique.medicaments.gouv.fr/affichageDoc.php?specid=63703396&typedoc=R
[1983/9804] https://base-donnees-publique.medicaments.gouv.fr/affichageDoc.php?specid=63173930&typedoc=R
[1984/9804] https://base-donnees-publique.medicaments.gouv.fr/affichageDoc.php?specid=62914134&typedoc=R
[741/9804] https://base-donnees-publique.medicaments.gouv.fr/affichageDoc.php?specid=69320173&typedoc=R
[1985/9804] https://base-donnees-publique.medicaments.gouv.fr/affichageDoc.php?specid=62403531&typedoc=R
[742/9804] https://base-donnees-publique.medicaments.gouv.fr/affichageDoc.php?specid=69440571&typedoc=R
[1986/9804] https://base-donnees-publique.medicaments.gouv.fr/affichageDoc.php?specid=67348487&typedoc=R
[743/9804] https://base-donnees-publique.medicaments.gouv.fr/affichageDoc.php?specid=66842981&typedoc=R
[1987/9804] https://base-donnees-publique.medicaments.gouv.fr/affichageDoc.php?specid=69218161&typedoc=R
[1988/9804] https://base-donnees-publique.medicaments.gouv.fr/affichageDoc.php?specid=63662572&typedoc=R
[744/9804] https://base-donnees-publique.medicaments.gouv.fr/affichageDoc.php?specid=63193915&typedoc=R
[1989/9804] https://base-donnees-publique.medicaments.gouv.fr/affichageDoc.php?specid=61334096&typedoc=R
[745/9804] https://base-donnees-publique.medicaments.gouv.fr/affichageDoc.php?specid=65232651&typedoc=R
[1990/9804] https://base-donnees-publique.medicaments.gouv.fr/affichageDoc.php?specid=68081197&typedoc=R
[1991/9804] https://base-donnees-publique.medicaments.gouv.fr/affichageDoc.php?specid=65545347&typedoc=R
[746/9804] https://base-donnees-publique.medicaments.gouv.fr/affichageDoc.php?specid=64021886&typedoc=R
[1992/9804] https://base-donnees-publique.medicaments.gouv.fr/affichageDoc.php?specid=63469484&typedoc=R
[747/9804] https://base-donnees-publique.medicaments.gouv.fr/affichageDoc.php?specid=61070180&typedoc=R
[1993/9804] https://base-donnees-publique.medicaments.gouv.fr/affichageDoc.php?specid=63650748&typedoc=R
[748/9804] https://base-donnees-publique.medicaments.gouv.fr/affichageDoc.php?specid=65314130&typedoc=R
[749/9804] https://base-donnees-publique.medicaments.gouv.fr/affichageDoc.php?specid=61633134&typedoc=R
[750/9804] https://base-donnees-publique.medicaments.gouv.fr/affichageDoc.php?specid=64468061&typedoc=R
[751/9804] https://base-donnees-publique.medicaments.gouv.fr/affichageDoc.php?specid=66503721&typedoc=R
[752/9804] https://base-donnees-publique.medicaments.gouv.fr/affichageDoc.php?specid=62977049&typedoc=R
[753/9804] https://base-donnees-publique.medicaments.gouv.fr/affichageDoc.php?specid=64986762&typedoc=R
[754/9804] https://base-donnees-publique.medicaments.gouv.fr/affichageDoc.php?specid=65843062&typedoc=R
[755/9804] https://base-donnees-publique.medicaments.gouv.fr/affichageDoc.php?specid=63669727&typedoc=R
[756/9804] https://base-donnees-publique.medicaments.gouv.fr/affichageDoc.php?specid=64982194&typedoc=R
[757/9804] https://base-donnees-publique.medicaments.gouv.fr/affichageDoc.php?specid=63197002&typedoc=R
[758/9804] https://base-donnees-publique.medicaments.gouv.fr/affichageDoc.php?specid=65963453&typedoc=R
[759/9804] https://base-donnees-publique.medicaments.gouv.fr/affichageDoc.php?specid=66592969&typedoc=R
[760/9804] https://base-donnees-publique.medicaments.gouv.fr/affichageDoc.php?specid=60106862&typedoc=R
[761/9804] https://base-donnees-publique.medicaments.gouv.fr/affichageDoc.php?specid=60378168&typedoc=R
[762/9804] https://base-donnees-publique.medicaments.gouv.fr/affichageDoc.php?specid=63781726&typedoc=R
[763/9804] https://base-donnees-publique.medicaments.gouv.fr/affichageDoc.php?specid=60375001&typedoc=R
[764/9804] https://base-donnees-publique.medicaments.gouv.fr/affichageDoc.php?specid=61517592&typedoc=R
[765/9804] https://base-donnees-publique.medicaments.gouv.fr/affichageDoc.php?specid=66523859&typedoc=R
[766/9804] https://base-donnees-publique.medicaments.gouv.fr/affichageDoc.php?specid=69737206&typedoc=R
[767/9804] https://base-donnees-publique.medicaments.gouv.fr/affichageDoc.php?specid=64384738&typedoc=R
[768/9804] https://base-donnees-publique.medicaments.gouv.fr/affichageDoc.php?specid=65646086&typedoc=R
[769/9804] https://base-donnees-publique.medicaments.gouv.fr/affichageDoc.php?specid=63964446&typedoc=R
[770/9804] https://base-donnees-publique.medicaments.gouv.fr/affichageDoc.php?specid=65905051&typedoc=R
[771/9804] https://base-donnees-publique.medicaments.gouv.fr/affichageDoc.php?specid=67703372&typedoc=R
[772/9804] https://base-donnees-publique.medicaments.gouv.fr/affichageDoc.php?specid=61798292&typedoc=R
[773/9804] https://base-donnees-publique.medicaments.gouv.fr/affichageDoc.php?specid=68869347&typedoc=R
[774/9804] https://base-donnees-publique.medicaments.gouv.fr/affichageDoc.php?specid=69050347&typedoc=R
[775/9804] https://base-donnees-publique.medicaments.gouv.fr/affichageDoc.php?specid=62650485&typedoc=R
[776/9804] https://base-donnees-publique.medicaments.gouv.fr/affichageDoc.php?specid=62262995&typedoc=R
[777/9804] https://base-donnees-publique.medicaments.gouv.fr/affichageDoc.php?specid=69972923&typedoc=R
[778/9804] https://base-donnees-publique.medicaments.gouv.fr/affichageDoc.php?specid=62303214&typedoc=R
[779/9804] https://base-donnees-publique.medicaments.gouv.fr/affichageDoc.php?specid=69504216&typedoc=R
[780/9804] https://base-donnees-publique.medicaments.gouv.fr/affichageDoc.php?specid=67423363&typedoc=R
[781/9804] https://base-donnees-publique.medicaments.gouv.fr/affichageDoc.php?specid=69245429&typedoc=R
  ❌ ERREUR: HTTPConnectionPool(host='base-donnees-publique.medicaments.gouv.fr', port=80): Max retries exceeded with url: /medicament/63650748/extrait (Caused by ConnectTimeoutError(<HTTPConnection(host='base-donnees-publique.medicaments.gouv.fr', port=80) at 0x7ff175fbeaa0>, 'Connection to base-donnees-publique.medicaments.gouv.fr timed out. (connect timeout=20)'))
[782/9804] https://base-donnees-publique.medicaments.gouv.fr/affichageDoc.php?specid=63009817&typedoc=R
[1994/9804] https://base-donnees-publique.medicaments.gouv.fr/affichageDoc.php?specid=63060256&typedoc=R
[783/9804] https://base-donnees-publique.medicaments.gouv.fr/affichageDoc.php?specid=62653200&typedoc=R
[1995/9804] https://base-donnees-publique.medicaments.gouv.fr/affichageDoc.php?specid=62669247&typedoc=R
[784/9804] https://base-donnees-publique.medicaments.gouv.fr/affichageDoc.php?specid=66566892&typedoc=R
[1996/9804] https://base-donnees-publique.medicaments.gouv.fr/affichageDoc.php?specid=68120159&typedoc=R
[785/9804] https://base-donnees-publique.medicaments.gouv.fr/affichageDoc.php?specid=69675822&typedoc=R
[1997/9804] https://base-donnees-publique.medicaments.gouv.fr/affichageDoc.php?specid=61351957&typedoc=R
[786/9804] https://base-donnees-publique.medicaments.gouv.fr/affichageDoc.php?specid=68432874&typedoc=R
[1998/9804] https://base-donnees-publique.medicaments.gouv.fr/affichageDoc.php?specid=66313063&typedoc=R
[787/9804] https://base-donnees-publique.medicaments.gouv.fr/affichageDoc.php?specid=62559199&typedoc=R
[1999/9804] https://base-donnees-publique.medicaments.gouv.fr/affichageDoc.php?specid=62653061&typedoc=R
[788/9804] https://base-donnees-publique.medicaments.gouv.fr/affichageDoc.php?specid=65649221&typedoc=R
[2000/9804] https://base-donnees-publique.medicaments.gouv.fr/affichageDoc.php?specid=60744612&typedoc=R
[789/9804] https://base-donnees-publique.medicaments.gouv.fr/affichageDoc.php?specid=66013347&typedoc=R
[790/9804] https://base-donnees-publique.medicaments.gouv.fr/affichageDoc.php?specid=62481238&typedoc=R
[2001/9804] https://base-donnees-publique.medicaments.gouv.fr/affichageDoc.php?specid=63637409&typedoc=R
[791/9804] https://base-donnees-publique.medicaments.gouv.fr/affichageDoc.php?specid=63076762&typedoc=R
[2002/9804] https://base-donnees-publique.medicaments.gouv.fr/affichageDoc.php?specid=68392159&typedoc=R
[792/9804] https://base-donnees-publique.medicaments.gouv.fr/affichageDoc.php?specid=64877948&typedoc=R
[2003/9804] https://base-donnees-publique.medicaments.gouv.fr/affichageDoc.php?specid=61502971&typedoc=R
[793/9804] https://base-donnees-publique.medicaments.gouv.fr/affichageDoc.php?specid=61026419&typedoc=R
[2004/9804] https://base-donnees-publique.medicaments.gouv.fr/affichageDoc.php?specid=64870850&typedoc=R
[794/9804] https://base-donnees-publique.medicaments.gouv.fr/affichageDoc.php?specid=61983832&typedoc=R
[2005/9804] https://base-donnees-publique.medicaments.gouv.fr/affichageDoc.php?specid=62001632&typedoc=R
[795/9804] https://base-donnees-publique.medicaments.gouv.fr/affichageDoc.php?specid=69380170&typedoc=R
[2006/9804] https://base-donnees-publique.medicaments.gouv.fr/affichageDoc.php?specid=64205217&typedoc=R
[2007/9804] https://base-donnees-publique.medicaments.gouv.fr/affichageDoc.php?specid=64426347&typedoc=R
[796/9804] https://base-donnees-publique.medicaments.gouv.fr/affichageDoc.php?specid=63192279&typedoc=R
[2008/9804] https://base-donnees-publique.medicaments.gouv.fr/affichageDoc.php?specid=68139323&typedoc=R
[797/9804] https://base-donnees-publique.medicaments.gouv.fr/affichageDoc.php?specid=68460101&typedoc=R
[2009/9804] https://base-donnees-publique.medicaments.gouv.fr/affichageDoc.php?specid=60010166&typedoc=R
[798/9804] https://base-donnees-publique.medicaments.gouv.fr/affichageDoc.php?specid=68478291&typedoc=R
[2010/9804] https://base-donnees-publique.medicaments.gouv.fr/affichageDoc.php?specid=64161055&typedoc=R
[799/9804] https://base-donnees-publique.medicaments.gouv.fr/affichageDoc.php?specid=60031071&typedoc=R
[2011/9804] https://base-donnees-publique.medicaments.gouv.fr/affichageDoc.php?specid=61078992&typedoc=R
[2012/9804] https://base-donnees-publique.medicaments.gouv.fr/affichageDoc.php?specid=64886121&typedoc=R
[800/9804] https://base-donnees-publique.medicaments.gouv.fr/affichageDoc.php?specid=66181067&typedoc=R
[2013/9804] https://base-donnees-publique.medicaments.gouv.fr/affichageDoc.php?specid=62934635&typedoc=R
[801/9804] https://base-donnees-publique.medicaments.gouv.fr/affichageDoc.php?specid=65200340&typedoc=R
[2014/9804] https://base-donnees-publique.medicaments.gouv.fr/affichageDoc.php?specid=68113517&typedoc=R
[802/9804] https://base-donnees-publique.medicaments.gouv.fr/affichageDoc.php?specid=60140882&typedoc=R
[2015/9804] https://base-donnees-publique.medicaments.gouv.fr/affichageDoc.php?specid=69233747&typedoc=R
[803/9804] https://base-donnees-publique.medicaments.gouv.fr/affichageDoc.php?specid=64807679&typedoc=R
[2016/9804] https://base-donnees-publique.medicaments.gouv.fr/affichageDoc.php?specid=61172819&typedoc=R
[804/9804] https://base-donnees-publique.medicaments.gouv.fr/affichageDoc.php?specid=67941085&typedoc=R
[2017/9804] https://base-donnees-publique.medicaments.gouv.fr/affichageDoc.php?specid=67525425&typedoc=R
[2018/9804] https://base-donnees-publique.medicaments.gouv.fr/affichageDoc.php?specid=66282810&typedoc=R
[805/9804] https://base-donnees-publique.medicaments.gouv.fr/affichageDoc.php?specid=65993464&typedoc=R
[2019/9804] https://base-donnees-publique.medicaments.gouv.fr/affichageDoc.php?specid=62028825&typedoc=R
[806/9804] https://base-donnees-publique.medicaments.gouv.fr/affichageDoc.php?specid=61100905&typedoc=R
[2020/9804] https://base-donnees-publique.medicaments.gouv.fr/affichageDoc.php?specid=60890357&typedoc=R
[807/9804] https://base-donnees-publique.medicaments.gouv.fr/affichageDoc.php?specid=66950163&typedoc=R
[2021/9804] https://base-donnees-publique.medicaments.gouv.fr/affichageDoc.php?specid=66628949&typedoc=R
[808/9804] https://base-donnees-publique.medicaments.gouv.fr/affichageDoc.php?specid=68814685&typedoc=R
[2022/9804] https://base-donnees-publique.medicaments.gouv.fr/affichageDoc.php?specid=62176770&typedoc=R
[809/9804] https://base-donnees-publique.medicaments.gouv.fr/affichageDoc.php?specid=62675093&typedoc=R
[2023/9804] https://base-donnees-publique.medicaments.gouv.fr/affichageDoc.php?specid=64784230&typedoc=R
[810/9804] https://base-donnees-publique.medicaments.gouv.fr/affichageDoc.php?specid=69812153&typedoc=R
[2024/9804] https://base-donnees-publique.medicaments.gouv.fr/affichageDoc.php?specid=67075736&typedoc=R
[811/9804] https://base-donnees-publique.medicaments.gouv.fr/affichageDoc.php?specid=63353608&typedoc=R
[2025/9804] https://base-donnees-publique.medicaments.gouv.fr/affichageDoc.php?specid=69126300&typedoc=R
[2026/9804] https://base-donnees-publique.medicaments.gouv.fr/affichageDoc.php?specid=65028570&typedoc=R
[812/9804] https://base-donnees-publique.medicaments.gouv.fr/affichageDoc.php?specid=69958368&typedoc=R
[813/9804] https://base-donnees-publique.medicaments.gouv.fr/affichageDoc.php?specid=60448702&typedoc=R
[2027/9804] https://base-donnees-publique.medicaments.gouv.fr/affichageDoc.php?specid=63312942&typedoc=R
[814/9804] https://base-donnees-publique.medicaments.gouv.fr/affichageDoc.php?specid=61224956&typedoc=R
[2028/9804] https://base-donnees-publique.medicaments.gouv.fr/affichageDoc.php?specid=69592038&typedoc=R
[815/9804] https://base-donnees-publique.medicaments.gouv.fr/affichageDoc.php?specid=64879963&typedoc=R
[2029/9804] https://base-donnees-publique.medicaments.gouv.fr/affichageDoc.php?specid=69457193&typedoc=R
[816/9804] https://base-donnees-publique.medicaments.gouv.fr/affichageDoc.php?specid=61142295&typedoc=R
[2030/9804] https://base-donnees-publique.medicaments.gouv.fr/affichageDoc.php?specid=61923340&typedoc=R
[817/9804] https://base-donnees-publique.medicaments.gouv.fr/affichageDoc.php?specid=64961474&typedoc=R
[2031/9804] https://base-donnees-publique.medicaments.gouv.fr/affichageDoc.php?specid=69369640&typedoc=R
[818/9804] https://base-donnees-publique.medicaments.gouv.fr/affichageDoc.php?specid=62701435&typedoc=R
[2032/9804] https://base-donnees-publique.medicaments.gouv.fr/affichageDoc.php?specid=67545424&typedoc=R
[819/9804] https://base-donnees-publique.medicaments.gouv.fr/affichageDoc.php?specid=69572701&typedoc=R
[2033/9804] https://base-donnees-publique.medicaments.gouv.fr/affichageDoc.php?specid=65193458&typedoc=R
[820/9804] https://base-donnees-publique.medicaments.gouv.fr/affichageDoc.php?specid=67810075&typedoc=R
[2034/9804] https://base-donnees-publique.medicaments.gouv.fr/affichageDoc.php?specid=66957955&typedoc=R
[821/9804] https://base-donnees-publique.medicaments.gouv.fr/affichageDoc.php?specid=67082677&typedoc=R
[2035/9804] https://base-donnees-publique.medicaments.gouv.fr/affichageDoc.php?specid=63707042&typedoc=R
[822/9804] https://base-donnees-publique.medicaments.gouv.fr/affichageDoc.php?specid=60019350&typedoc=R
[2036/9804] https://base-donnees-publique.medicaments.gouv.fr/affichageDoc.php?specid=69829455&typedoc=R
[823/9804] https://base-donnees-publique.medicaments.gouv.fr/affichageDoc.php?specid=61763124&typedoc=R
[2037/9804] https://base-donnees-publique.medicaments.gouv.fr/affichageDoc.php?specid=61591226&typedoc=R
[824/9804] https://base-donnees-publique.medicaments.gouv.fr/affichageDoc.php?specid=69225138&typedoc=R
[2038/9804] https://base-donnees-publique.medicaments.gouv.fr/affichageDoc.php?specid=61406236&typedoc=R
[825/9804] https://base-donnees-publique.medicaments.gouv.fr/affichageDoc.php?specid=65979518&typedoc=R
[826/9804] https://base-donnees-publique.medicaments.gouv.fr/affichageDoc.php?specid=62174933&typedoc=R
[2039/9804] https://base-donnees-publique.medicaments.gouv.fr/affichageDoc.php?specid=64828545&typedoc=R
[827/9804] https://base-donnees-publique.medicaments.gouv.fr/affichageDoc.php?specid=67900409&typedoc=R
[2040/9804] https://base-donnees-publique.medicaments.gouv.fr/affichageDoc.php?specid=67517243&typedoc=R
[828/9804] https://base-donnees-publique.medicaments.gouv.fr/affichageDoc.php?specid=60379544&typedoc=R
[2041/9804] https://base-donnees-publique.medicaments.gouv.fr/affichageDoc.php?specid=67163702&typedoc=R
[829/9804] https://base-donnees-publique.medicaments.gouv.fr/affichageDoc.php?specid=65387616&typedoc=R
[2042/9804] https://base-donnees-publique.medicaments.gouv.fr/affichageDoc.php?specid=66640136&typedoc=R
[830/9804] https://base-donnees-publique.medicaments.gouv.fr/affichageDoc.php?specid=65042132&typedoc=R
[831/9804] https://base-donnees-publique.medicaments.gouv.fr/affichageDoc.php?specid=69859092&typedoc=R
[2043/9804] https://base-donnees-publique.medicaments.gouv.fr/affichageDoc.php?specid=63273126&typedoc=R
[832/9804] https://base-donnees-publique.medicaments.gouv.fr/affichageDoc.php?specid=65862059&typedoc=R
[2044/9804] https://base-donnees-publique.medicaments.gouv.fr/affichageDoc.php?specid=64330943&typedoc=R
[833/9804] https://base-donnees-publique.medicaments.gouv.fr/affichageDoc.php?specid=62028152&typedoc=R
[2045/9804] https://base-donnees-publique.medicaments.gouv.fr/affichageDoc.php?specid=60836690&typedoc=R
[834/9804] https://base-donnees-publique.medicaments.gouv.fr/affichageDoc.php?specid=61497549&typedoc=R
[2046/9804] https://base-donnees-publique.medicaments.gouv.fr/affichageDoc.php?specid=61304893&typedoc=R
[835/9804] https://base-donnees-publique.medicaments.gouv.fr/affichageDoc.php?specid=64753847&typedoc=R
[2047/9804] https://base-donnees-publique.medicaments.gouv.fr/affichageDoc.php?specid=60655327&typedoc=R
[2048/9804] https://base-donnees-publique.medicaments.gouv.fr/affichageDoc.php?specid=63577894&typedoc=R
[836/9804] https://base-donnees-publique.medicaments.gouv.fr/affichageDoc.php?specid=61940980&typedoc=R
[2049/9804] https://base-donnees-publique.medicaments.gouv.fr/affichageDoc.php?specid=69329400&typedoc=R
[837/9804] https://base-donnees-publique.medicaments.gouv.fr/affichageDoc.php?specid=60314272&typedoc=R
[2050/9804] https://base-donnees-publique.medicaments.gouv.fr/affichageDoc.php?specid=68162667&typedoc=R
[838/9804] https://base-donnees-publique.medicaments.gouv.fr/affichageDoc.php?specid=67563080&typedoc=R
[839/9804] https://base-donnees-publique.medicaments.gouv.fr/affichageDoc.php?specid=69339049&typedoc=R
[2051/9804] https://base-donnees-publique.medicaments.gouv.fr/affichageDoc.php?specid=65949635&typedoc=R
[2052/9804] https://base-donnees-publique.medicaments.gouv.fr/affichageDoc.php?specid=64613820&typedoc=R
[840/9804] https://base-donnees-publique.medicaments.gouv.fr/affichageDoc.php?specid=69516026&typedoc=R
[2053/9804] https://base-donnees-publique.medicaments.gouv.fr/affichageDoc.php?specid=67543971&typedoc=R
[841/9804] https://base-donnees-publique.medicaments.gouv.fr/affichageDoc.php?specid=61521103&typedoc=R
[2054/9804] https://base-donnees-publique.medicaments.gouv.fr/affichageDoc.php?specid=66104409&typedoc=R
[842/9804] https://base-donnees-publique.medicaments.gouv.fr/affichageDoc.php?specid=60894334&typedoc=R
[2055/9804] https://base-donnees-publique.medicaments.gouv.fr/affichageDoc.php?specid=65539860&typedoc=R
[843/9804] https://base-donnees-publique.medicaments.gouv.fr/affichageDoc.php?specid=65239674&typedoc=R
[2056/9804] https://base-donnees-publique.medicaments.gouv.fr/affichageDoc.php?specid=66520560&typedoc=R
[844/9804] https://base-donnees-publique.medicaments.gouv.fr/affichageDoc.php?specid=69337532&typedoc=R
[2057/9804] https://base-donnees-publique.medicaments.gouv.fr/affichageDoc.php?specid=65126598&typedoc=R
[845/9804] https://base-donnees-publique.medicaments.gouv.fr/affichageDoc.php?specid=60268519&typedoc=R
[846/9804] https://base-donnees-publique.medicaments.gouv.fr/affichageDoc.php?specid=67122869&typedoc=R
[847/9804] https://base-donnees-publique.medicaments.gouv.fr/affichageDoc.php?specid=61162942&typedoc=R
[2058/9804] https://base-donnees-publique.medicaments.gouv.fr/affichageDoc.php?specid=65636245&typedoc=R
[848/9804] https://base-donnees-publique.medicaments.gouv.fr/affichageDoc.php?specid=63936571&typedoc=R
[849/9804] https://base-donnees-publique.medicaments.gouv.fr/affichageDoc.php?specid=66311831&typedoc=R
[850/9804] https://base-donnees-publique.medicaments.gouv.fr/affichageDoc.php?specid=68300762&typedoc=R
[2059/9804] https://base-donnees-publique.medicaments.gouv.fr/affichageDoc.php?specid=64728922&typedoc=R
[851/9804] https://base-donnees-publique.medicaments.gouv.fr/affichageDoc.php?specid=68852682&typedoc=R
[852/9804] https://base-donnees-publique.medicaments.gouv.fr/affichageDoc.php?specid=66769394&typedoc=R
[853/9804] https://base-donnees-publique.medicaments.gouv.fr/affichageDoc.php?specid=61946403&typedoc=R
[854/9804] https://base-donnees-publique.medicaments.gouv.fr/affichageDoc.php?specid=68799614&typedoc=R
[2060/9804] https://base-donnees-publique.medicaments.gouv.fr/affichageDoc.php?specid=68601502&typedoc=R
[2061/9804] https://base-donnees-publique.medicaments.gouv.fr/affichageDoc.php?specid=69358697&typedoc=R
[855/9804] https://base-donnees-publique.medicaments.gouv.fr/affichageDoc.php?specid=69029253&typedoc=R
[856/9804] https://base-donnees-publique.medicaments.gouv.fr/affichageDoc.php?specid=61464022&typedoc=R
[2062/9804] https://base-donnees-publique.medicaments.gouv.fr/affichageDoc.php?specid=69501024&typedoc=R
[2063/9804] https://base-donnees-publique.medicaments.gouv.fr/affichageDoc.php?specid=67901977&typedoc=R
[857/9804] https://base-donnees-publique.medicaments.gouv.fr/affichageDoc.php?specid=65265765&typedoc=R
[2064/9804] https://base-donnees-publique.medicaments.gouv.fr/affichageDoc.php?specid=68053454&typedoc=R
[858/9804] https://base-donnees-publique.medicaments.gouv.fr/affichageDoc.php?specid=61172160&typedoc=R
[2065/9804] https://base-donnees-publique.medicaments.gouv.fr/affichageDoc.php?specid=69766567&typedoc=R
[859/9804] https://base-donnees-publique.medicaments.gouv.fr/affichageDoc.php?specid=67831952&typedoc=R
[860/9804] https://base-donnees-publique.medicaments.gouv.fr/affichageDoc.php?specid=64647032&typedoc=R
[2066/9804] https://base-donnees-publique.medicaments.gouv.fr/affichageDoc.php?specid=66044086&typedoc=R
[861/9804] https://base-donnees-publique.medicaments.gouv.fr/affichageDoc.php?specid=68985138&typedoc=R
[2067/9804] https://base-donnees-publique.medicaments.gouv.fr/affichageDoc.php?specid=66940678&typedoc=R
[862/9804] https://base-donnees-publique.medicaments.gouv.fr/affichageDoc.php?specid=60493619&typedoc=R
[863/9804] https://base-donnees-publique.medicaments.gouv.fr/affichageDoc.php?specid=68494153&typedoc=R
[2068/9804] https://base-donnees-publique.medicaments.gouv.fr/affichageDoc.php?specid=67298098&typedoc=R
[864/9804] https://base-donnees-publique.medicaments.gouv.fr/affichageDoc.php?specid=61273686&typedoc=R
[2069/9804] https://base-donnees-publique.medicaments.gouv.fr/affichageDoc.php?specid=69726341&typedoc=R
[865/9804] https://base-donnees-publique.medicaments.gouv.fr/affichageDoc.php?specid=66950291&typedoc=R
[2070/9804] https://base-donnees-publique.medicaments.gouv.fr/affichageDoc.php?specid=69056275&typedoc=R
[2071/9804] https://base-donnees-publique.medicaments.gouv.fr/affichageDoc.php?specid=60340413&typedoc=R
[2072/9804] https://base-donnees-publique.medicaments.gouv.fr/affichageDoc.php?specid=68315675&typedoc=R
[2073/9804] https://base-donnees-publique.medicaments.gouv.fr/affichageDoc.php?specid=61371194&typedoc=R
[2074/9804] https://base-donnees-publique.medicaments.gouv.fr/affichageDoc.php?specid=62848182&typedoc=R
[2075/9804] https://base-donnees-publique.medicaments.gouv.fr/affichageDoc.php?specid=61194947&typedoc=R
[2076/9804] https://base-donnees-publique.medicaments.gouv.fr/affichageDoc.php?specid=66093934&typedoc=R
[2077/9804] https://base-donnees-publique.medicaments.gouv.fr/affichageDoc.php?specid=68645993&typedoc=R
[2078/9804] https://base-donnees-publique.medicaments.gouv.fr/affichageDoc.php?specid=67216375&typedoc=R
[2079/9804] https://base-donnees-publique.medicaments.gouv.fr/affichageDoc.php?specid=62664969&typedoc=R
[2080/9804] https://base-donnees-publique.medicaments.gouv.fr/affichageDoc.php?specid=62985754&typedoc=R
[2081/9804] https://base-donnees-publique.medicaments.gouv.fr/affichageDoc.php?specid=61081440&typedoc=R
[2082/9804] https://base-donnees-publique.medicaments.gouv.fr/affichageDoc.php?specid=64656654&typedoc=R
[2083/9804] https://base-donnees-publique.medicaments.gouv.fr/affichageDoc.php?specid=69831050&typedoc=R
[2084/9804] https://base-donnees-publique.medicaments.gouv.fr/affichageDoc.php?specid=66234776&typedoc=R
[2085/9804] https://base-donnees-publique.medicaments.gouv.fr/affichageDoc.php?specid=63389223&typedoc=R
[2086/9804] https://base-donnees-publique.medicaments.gouv.fr/affichageDoc.php?specid=62938313&typedoc=R
[2087/9804] https://base-donnees-publique.medicaments.gouv.fr/affichageDoc.php?specid=66866758&typedoc=R
[2088/9804] https://base-donnees-publique.medicaments.gouv.fr/affichageDoc.php?specid=63431715&typedoc=R
[2089/9804] https://base-donnees-publique.medicaments.gouv.fr/affichageDoc.php?specid=61695417&typedoc=R
[2090/9804] https://base-donnees-publique.medicaments.gouv.fr/affichageDoc.php?specid=61230539&typedoc=R
[2091/9804] https://base-donnees-publique.medicaments.gouv.fr/affichageDoc.php?specid=66662862&typedoc=R
[2092/9804] https://base-donnees-publique.medicaments.gouv.fr/affichageDoc.php?specid=66063916&typedoc=R
[2093/9804] https://base-donnees-publique.medicaments.gouv.fr/affichageDoc.php?specid=68747076&typedoc=R
[2094/9804] https://base-donnees-publique.medicaments.gouv.fr/affichageDoc.php?specid=69093245&typedoc=R
[2095/9804] https://base-donnees-publique.medicaments.gouv.fr/affichageDoc.php?specid=67706265&typedoc=R
[2096/9804] https://base-donnees-publique.medicaments.gouv.fr/affichageDoc.php?specid=61456011&typedoc=R
[2097/9804] https://base-donnees-publique.medicaments.gouv.fr/affichageDoc.php?specid=61378274&typedoc=R
[2098/9804] https://base-donnees-publique.medicaments.gouv.fr/affichageDoc.php?specid=67984909&typedoc=R
[2099/9804] https://base-donnees-publique.medicaments.gouv.fr/affichageDoc.php?specid=61085944&typedoc=R
[2100/9804] https://base-donnees-publique.medicaments.gouv.fr/affichageDoc.php?specid=61904596&typedoc=R
  ❌ ERREUR: HTTPConnectionPool(host='base-donnees-publique.medicaments.gouv.fr', port=80): Max retries exceeded with url: /medicament/66950291/extrait (Caused by ConnectTimeoutError(<HTTPConnection(host='base-donnees-publique.medicaments.gouv.fr', port=80) at 0x7fcc543c3d90>, 'Connection to base-donnees-publique.medicaments.gouv.fr timed out. (connect timeout=20)'))
[866/9804] https://base-donnees-publique.medicaments.gouv.fr/affichageDoc.php?specid=65969730&typedoc=R
[2101/9804] https://base-donnees-publique.medicaments.gouv.fr/affichageDoc.php?specid=60921386&typedoc=R
[2102/9804] https://base-donnees-publique.medicaments.gouv.fr/affichageDoc.php?specid=66255471&typedoc=R
[867/9804] https://base-donnees-publique.medicaments.gouv.fr/affichageDoc.php?specid=69015780&typedoc=R
[868/9804] https://base-donnees-publique.medicaments.gouv.fr/affichageDoc.php?specid=61519586&typedoc=R
[2103/9804] https://base-donnees-publique.medicaments.gouv.fr/affichageDoc.php?specid=63652083&typedoc=R
[869/9804] https://base-donnees-publique.medicaments.gouv.fr/affichageDoc.php?specid=61162294&typedoc=R
[870/9804] https://base-donnees-publique.medicaments.gouv.fr/affichageDoc.php?specid=63604430&typedoc=R
[2104/9804] https://base-donnees-publique.medicaments.gouv.fr/affichageDoc.php?specid=62445726&typedoc=R
[871/9804] https://base-donnees-publique.medicaments.gouv.fr/affichageDoc.php?specid=60727278&typedoc=R
[2105/9804] https://base-donnees-publique.medicaments.gouv.fr/affichageDoc.php?specid=61161203&typedoc=R
[2106/9804] https://base-donnees-publique.medicaments.gouv.fr/affichageDoc.php?specid=65101513&typedoc=R
[872/9804] https://base-donnees-publique.medicaments.gouv.fr/affichageDoc.php?specid=66401606&typedoc=R
[2107/9804] https://base-donnees-publique.medicaments.gouv.fr/affichageDoc.php?specid=62124275&typedoc=R
[873/9804] https://base-donnees-publique.medicaments.gouv.fr/affichageDoc.php?specid=66682249&typedoc=R
[2108/9804] https://base-donnees-publique.medicaments.gouv.fr/affichageDoc.php?specid=66182315&typedoc=R
[874/9804] https://base-donnees-publique.medicaments.gouv.fr/affichageDoc.php?specid=66008617&typedoc=R
[2109/9804] https://base-donnees-publique.medicaments.gouv.fr/affichageDoc.php?specid=60703576&typedoc=R
[2110/9804] https://base-donnees-publique.medicaments.gouv.fr/affichageDoc.php?specid=62450285&typedoc=R
[875/9804] https://base-donnees-publique.medicaments.gouv.fr/affichageDoc.php?specid=67807225&typedoc=R
[2111/9804] https://base-donnees-publique.medicaments.gouv.fr/affichageDoc.php?specid=66754951&typedoc=R
